materia,nombre,creditos
ADMI-1101,"FUNDAM.ADMON Y GERENCIA (ADMI)",3
ADMI-1102,"FUNDAM.ADMON Y GERENCIA",3
ADMI-1190,"SERVIC. ECOSISTÉMICOS (INGLÉS)",3
ADMI-1203,"PLANEACION FINANCIERA",3
ADMI-1590,"TALLER DE CREATIVIDAD",1
ADMI-1602,"TALLER AUTOCONOCIMIENTO",2
ADMI-1603,"COMPORT. ORGANIZACION.(INGLES)",3
ADMI-2104B,"HISTORIA DESARROLLO EMPRES.COL",3
ADMI-2106,"RESPONSABILIDAD SOCIAL INGLES",3
ADMI-2107,"GERENCIA DE RECURSOS HUMANOS",3
ADMI-2204,"DECISIONES DE INVERSION",3
ADMI-2205,"FINANZAS 3:ESTRATEGIA",3
ADMI-2206,"COMPORTAMIENTO DEL CONSUMIDOR",3
ADMI-2207,"COLOMBIA Y SUS INSTIT.(ADMON)",3
ADMI-2301,"FUNDAMENTOS MERCADEO (INGLÉS)",3
ADMI-2302,"INVESTIGACION DE MERCADOS",3
ADMI-2403,"OPERACIONES Y LOGISTICA",3
ADMI-2501,"ANALISIS ENTORNO COLOMBIANO",3
ADMI-2605,ORGANIZACIONES,3
ADMI-2801,"LA GESTION DE LO PUBLICO",3
ADMI-3107,CONSULTORIA,3
ADMI-3107C,"COMPLEMENTARIA CONSULTORÍA",0
ADMI-3109,"PLANES DE NEGOCIOS",3
ADMI-3110,"EMPRENDI. INNOVACION.(INGLES)",3
ADMI-3122,"JUEGO GERENCIAL",3
ADMI-3122C,"COMPLEMENTARIA JUEGO GERENCIAL",0
ADMI-3128B,"GESTIÓN CULT.:NOCIONES BÁSICAS",3
ADMI-3133B,"GERENCIA AMBIENTAL (INGLES)",3
ADMI-3135B,"CINE MEDIO AMBIENTE Y SOCIEDAD",3
ADMI-3137,"MODELOS DE LIDERAZGO",3
ADMI-3138,"EMPRESAS FAMILIA:CIELO-INFIERN",3
ADMI-3139,"EMPREND LIDERES INNOVADOR GLOB",3
ADMI-3190,"MODELO DE NEGOCIOS SOSTENIBLES",3
ADMI-3200,"OPCION DE GRADO (ESTRATEGIA)",3
ADMI-3205,"FINANZAS PERSONALES",3
ADMI-3210,"MERCADOS DERIVADOS (INGLES)",3
ADMI-3237,"MARKETING COMMUNICATIONS",3
ADMI-3240,"GERENCIA  ACTIVOS FINANCIEROS",3
ADMI-3311,"EMPRENDIMIENTO MERCADEO INTERN",3
ADMI-3341,"BRAND MANAGEMENT",3
ADMI-3405,"SISTEM. INFORMACGER.(INGLES)",3
ADMI-3406,"MARKETING ANALYTICS",3
ADMI-3502,"ESTRATEGIA (INGLÉS)",3
ADMI-3503,"SERVICE MANAGEMENT",3
ADMI-3601,"TALL. HABILIDADES GERENC.",3
ADMI-3606,"ESTRATEGIAS DE NEGOCIACION",3
ADMI-3611,"ALIMENTOS Y OPORTUN.EMPRENDED.",3
ADMI-3701,"NEGOCIOS INTERNACIONALES",3
ADMI-3705,"MERCADOS EMERGENTES",3
ANTR-1001,"TALLER DE INDUCCIÓN",0
ANTR-1101,"FUNDAMENTOS DE ANTROPOLOGIA",3
ANTR-1104,"METODOS CUALITATIVOS DE INVEST",3
ANTR-1105A,"LA CONDICION HUMANA",3
ANTR-1106B,"PENSAMIENTO INDIGENA",3
ANTR-1114A,"VIOLENCIA Y CIVILIZACION",3
ANTR-1118A,"NATURALEZA Y CULTURA",3
ANTR-1124A,"TENER Y PODER",3
ANTR-1125B,"CAMPESINOS Y POLÍTICA",3
ANTR-1134B,"DIVERSIDAD HUMANA",3
ANTR-1135A,"CAPITALISMO: HRIA Y CULTURA",3
ANTR-1201,"FUNDAMENTOS DE ARQUEOLOGIA",3
ANTR-1202B,"AZTECAS, MAYAS E INCAS",3
ANTR-1203A,"DE EVOLUCION CULTURA HUMANA",3
ANTR-1401,"ANTROPOLOGÍA BIOLÓGICA",3
ANTR-2101,"ETNOLOGIA DE COLOMBIA",3
ANTR-2102,"INSTRUMENTOS DE INVESTIGACION",3
ANTR-2103,"ESCUELAS ANTROPOLOGICAS I",3
ANTR-2106,"ETNOHISTORIA AMERICANA",3
ANTR-2116,"PATRIMONIO CULTURAL",3
ANTR-2121,"EMBERA: LENGUAJE Y CULTURA",3
ANTR-2122,"PRODUC DOCUMENTALES ETNOGRAFIC",3
ANTR-2201,"ARQUEOLOGIA COMPARADA",3
ANTR-2301,"METODO DE ANALISIS LINGÜISTICO",3
ANTR-3102,"PENSAM. ANTROPOLOGICO COLOMB.",3
ANTR-3103,"TEORIAS ANTROPOL.CONTEMPOR.",3
ANTR-3171,"SEMINARIO ETNOGRAFIA",3
ANTR-3175,"FLUJOS GLOBAL INTERCAM LOCALES",3
ANTR-3191,"METODOLOGIA DE PRACTICA",3
ANTR-3193,"DISEÑO DE MONOGRAFIA",3
ANTR-4106,"ESCUELAS ANTROPOLOG.1(PR-POST)",4
ANTR-6991,"COLOQUIO DE INVESTIGACIONES",0
ARQU-1225A,"LA HISTORIA DE UNA CASA",3
ARQU-1226A,"HIST PROPORCIONES ARTE Y ARQU",3
ARQU-1229A,"ARQUITEC. CUERPO Y PERCEPCIÓN",3
ARQU-1231B,"GRANDES OBRAS ARQU RENACIMIEN",3
ARQU-1305A,"CIUDAD Y TECNICA",3
ARQU-1306B,"RASCACIELOS CIUDAD VERTICAL",3
ARQU-2201,"ARQUETIPOS EN ARQUITECTURA",3
ARQU-2202,"ARQUITECTURA CLASICA",3
ARQU-2203,"ARQUITECTURA MODERNA",3
ARQU-2310,"SISTEMAS DE SOPORTE",3
ARQU-2320,"SISTEMAS DE HABITABILIDAD",3
ARQU-2330,"SISTEMAS DE CONSTRUCCION Y EST",3
ARQU-2410,"PAISAJE URBANO",3
ARQU-2420,"PROYECTO URBANO",3
ARQU-2430,"TEORIAS URBANAS",3
ARQU-3920,"TEORIA UNIDAD AVANZADA",3
ARQU-4104,INTEGRAC.SISTEM.TENIC.,4
ARTE-1112A,"ARTE Y ANIMALES",3
ARTE-1120B,"PINTURA DESDE 1950",3
ARTE-1209B,"NUEVOS MEDIOS",3
ARTE-1230,"CINE COLOMBIANO",3
ARTE-1405B,"EL ARTISTA Y LA CIUDAD",3
ARTE-1406A,"ARTE Y EXPOSICIONES",3
ARTE-1407,"ARTISTA OBRA ESPACIO",3
ARTE-1408A,"ARTE Y CINE",3
ARTE-1410A,"PATRIMONIO CULTURAL",3
ARTE-2410,"INTRODUCCION A LA CRITICA",3
ARTE-2454,"CONSERVACIÓN PREVENTIVA DE ART",3
ARTE-3403,"TALLER DE PROYECTOS",3
ARTE-3429,"ARTE: VALOR DE CAMBIO",3
ARTI-4102,"COMUNICACION EFECTIVA",4
ARTI-4103,"ARQUITECTURA DE NEGOCIO Y TI",4
ARTI-4106,"ARQUITECTURA EMPRESARIAL",4
ARTI-4108,"POWER PEOPLE",4
ARTI-4203,"ARQUITECTURA DE INFRAESTRUCTUR",4
ARTI-4204,"ARQUITECTURA DE SEGURIDAD",4
ARTI-4205,"ARQUITECTURA PROCESOS NEGOCIO",4
ARTI-4208,"ARQUITECTURAS NUEVA GENERACIÓN",4
ARTI-4301,"PROYECTO FINAL",4
AUTO-5220,"PROCESOS INDUSTR.TRANSP.CRUDO",2
AUTO-5223,"FUNDAM.INSTRUMENTACION INDUSTR",2
AUTO-5226,"CONTROL MOVIM Y ROBOTICA INDUS",2
AUTO-5229,"FUNDAMENTOS HIDRAULICOS",2
BCOM-4002,"FUNDAM.PROG. CIENCIAS BIOLOGIC",4
BCOM-4007,"BIOINF.APLIC.ESTUDIOS BIODIVER",2
BCOM-4008,"MODEL.REDES METAB.Y APLIC.INDU",2
BCOM-4101,FILOGENOMICA,4
BCOM-4102,"ECOL.MICROB.Y HERRAM.ANA.BIOIN",4
BIOL-0000,INDUCCION,1
BIOL-1300,"BIOLOGIA DE ORGANISMOS-TEO",3
BIOL-1300C,"COMPL. BIOLOGIA DE ORGANISMOS",0
BIOL-1312,"BIOLOGIA PARA PSICOLOGIA-TEO",3
BIOL-1326A,"EVOLUCION: EL ORIGEN DE LAS E.",3
BIOL-1327,"ECOLOGIA: PRINCIPIOS Y APLICA.",3
BIOL-1327C,"COMPL ECOLOGIA: PRINC Y APLICA",0
BIOL-1328B,"IMP. REGIONAL CAMBIO AMB. GLO",3
BIOL-1329A,"AZUL PROFUNDO:CRONICAS DEL MAR",3
BIOL-1331B,"EXPLORACION OCEANICA (VIRTUAL)",3
BIOL-2200,GENETICA-TEO,3
BIOL-2302,INVERTEBRADOS-TEO,3
BIOL-2308,ECOLOGIA-TEO,3
BIOL-2310,"VERTEBRADOS TEO",3
BIOL-3202,"SISTEMATICA FILOGENETICA-TEO",3
BIOL-3302,"FISIOLOGIA VEGETAL-TEO",3
BIOL-3320,ENTOMOLOGIA-TEO,3
BIOL-3324,"BIOLOGIA DE LA CONSERVACION",3
BIOL-3340,"BUCEO SCUBA Y ECOL. MARINA TEO",3
BIOL-3346,"LIMNOLOGIA APLICADA",3
BIOL-3912,"COLECCIONES BIOLOGICAS",2
CBIO-4108,"BIOQUIMICA DE PROTEINAS",4
CBIO-4109,"BIOLOGÍA MOLECULAR AVANZADA",4
CBIO-4118,"CAMBIO CLIMATICO Y BIODIVERSID",4
CBIO-4123,"DE LA CELULA A ORGANISMO:MECAN",4
CBIO-4307,"FILOGENIA EN ARTROPODOS",4
CBIO-4334,BIOGEOGRAFIA,4
CBIO-4508,"GENETICA ENFERMEDADES COMPLEJA",4
CBIO-4521,"TECN.CULTIVO CELULAS MAMIFEROS",4
CBIO-4804,"SEMIN.DEPT.CIENCIAS BIOLOGICAS",0
CIDE-3140A,"GENERO, IDENTIDAD Y DESARROLLO",3
CIDE-3141B,"COMERCIO Y DESARROLLO",3
CIDE-3154A,"COLOMBIA, PAIS DE REGIONES",3
CIDE-3172B,"ESTADO RESISTENCIA CAMBIO SOCI",3
CIDE-4114,"SEMINARIO TUTORIAL",1
CIDE-4133,"AVANCE TRABAJO DE GRADO",0
CIDE-4135,"TUTORIAL DE INVESTIGACIÓN",4
CIDE-4136,"INSTITUCIONES Y DESARROLLO",4
CIDE-4140,"TEORÍAS DEL DESARROLLO",4
CIDE-4148,"TALLER TRABAJO GRADO EN PROFUN",4
CIDE-4152,"SEMINARIO DE REDACCION",1
CIDE-4169,"TALLER TRABAJO GRADO EN INVEST",4
CIDE-4171,"SEMINARIO DE REDACCION",0
CIDE-4172,"AVANCE DE TRABAJO DE GRADO",4
CIDE-4173,"DESARROLLO ECON LOCAL Y REGION",4
CIDE-4174,"AMBIENTE Y SOST URBAN-REGION",4
CIDE-4175,"GOBERN. PARTICIP E INST. LOCAL",4
CIDE-4176,"ESPACIO PÚBLIC,EQUIP URB MOVIL",4
CIDE-4178,"MÉTODOS DE INVESTIGACIÓN",4
CIDE-4181,"SEMINARIO GÉNERO E INTERDISCIP",4
CIDE-4182,"ANÁLISIS POLÍTICAS Y PROGRAMAS",4
CIDE-4183,"INSTRUM. PLANIF. TERRITORIAL",4
CIDE-4189,"ESTUDIOS DIRIGIDOS",4
CIDE-5110,"ESTADO Y DESARROLLO",2
CIDE-5113,"FORMULACIÓN E IMPLEMENTACIÓN P",4
CIDE-5309,"ETICA RESPONSABILIDAD SOC Y DE",4
CIDE-5316,"EMPRESA Y DESARROLLO",4
CIDE-5409,"FORMULAC. Y GESTION DE PROYEC.",2
CIDE-5412,POLITICAS.DESARR.TERRITORIAL,4
CISO-1200B,"PENSAD:WEBER, DURKHEIM, MARX",3
CISO-1500B,"COLOMBIA CONTEMPORANEA",3
CISO-2000B,"HISTORIA Y SOCIOLO DE LA CIENC",3
CISO-2101,"HIST. Y CRITICA: POPPER, BENJ.",3
CISO-2102,"SUJ. Y SOC: TEORIA SOCIAL S.XX",3
CISO-2110,"PENSAMIENTO LATINOAMERICANO",3
CISO-2200,"PROBLEMAS DE LA INVEST. SOCIAL",3
CISO-4001,"DEBATES POLITICOS CONTEMP",4
CISO-4006,"DISEÑO DE INVESTIGACION MAESTR",4
CISO-4007,"ECONOMIA POLITICA INTERNACION",4
CISO-4008,"ESPACIO Y SOCIEDAD",4
CISO-4010,"PARADIGMAS DE LOS EST. CULT",4
CISO-4011,"PENSAMIENTO GEOGRAFICO",4
CISO-4014,"REPRESENT, CONOCI Y ETNOGRAFÍA",4
CISO-4019,"TRADIC TEORICAS ANTROPOLÓGICAS",4
CISO-4025,"TEORIA RELACIONES INTERNACIONA",4
CISO-4028,"PROBL ANTROPOLÓGI CONTEMPORÁ 1",4
CISO-4043,"AMERICA LAT Y ESTUDIOS CULTUR",4
CISO-4044,"POLITICAS DE LA REPRESENTACION",4
CISO-4506,"METODOLOGIA CUALI CIENCIAS SOC",4
CISO-4512,"METODOS CUANTITATIVOS",4
CISO-4513,"LAB.METODOS CUANTITATIVOS",0
CISO-4603,"EVALUACION PROYECT. Y PROGRAM.",4
CISO-4608,"POLITICA, FUTBOL Y CULT. POPUL",4
CISO-4637,"EMOCIONES EN CIENCIAS SOCIALES",4
CISO-4638,"HECHOS Y FICCIONES: TECNO_SOCI",4
CISO-4639,"POLITICS OF THE GLOBAL SOUTH",4
CISO-4642,"NEGOCIAR LA PAZ: NEG.MOD.TEC",4
CISO-4644,"HANNAH ARENDT",4
CISO-4645,"LA HERMEN DE HEIDEGG A GADAME",4
CISO-4648,"PRUEBA Y VERDAD EN EL DERECHO",4
CISO-4649,"SEM FILOSOFIA DEL CUERPO",4
CISO-4650,"SEM VARIEDADES DE LA REFERENC",4
CISO-4651,"SEM HISTORIA DE LA VERDAD",4
CISO-4652,"SEM AVANZADO DESARROLLO",4
CISO-4653,"PSICOLOGIA COGNITIVA",4
CISO-4654,"MODELOS ANAL.VARIABLES Y EVAL.",4
CISO-6000,"HISTORIOGRAFIA DE COLOMBIA",4
CONT-1210,"TALLER DE AUTOCONOCIM.(CONT)",1
CONT-1211,"LIDERAZGO Y ÉTICA",3
CONT-1221,"TALLER DE COMUNICACIÓN ORAL",1
CONT-1311,"GOBERNANZA EMPRESARIAL",3
CONT-1321,"ECONOMIA GERENCIAL",3
CONT-1411,"FUNDAMENTOS DE CONTABILIDAD",3
CONT-1412,"CONTABILIDAD FINANCIERA",3
CONT-1412C,"CONTABILIDAD FINANCIERA COMPL.",0
CONT-1413,"CONTABILIDAD FINANCIERA",3
CONT-1441,"FUNDAMENTOS DE ASEGURAMIENTO",3
CONT-1461,"SISTEMAS INFORMAC. EMPRESARIAL",3
CONT-2212,"ETICA PROFESIONAL",3
CONT-2322,"ESTRATEGIA E INTERNACIONALIZAC",3
CONT-2413,"CONTABILIDAD EN UN ENTORNO INT",3
CONT-2421,"CONTABILIDAD COSTOS (INGLES)",3
CONT-2462,"ANÁLISIS DE SISTEMAS DE INFORM",3
CONT-3111,"MODELOS NEGOCIO ASEGURAM.C1-A",3
CONT-3112,"CUMPL. FUNCIÓN TRIBUTARIA C1-T",3
CONT-3122,"CONSULTORIO CONTABLE",3
CONT-3422,"CONTABILIDAD DE PROYECTOS",3
CPOL-1000,INTRODUCC.CIENC.POLITICA.,3
CPOL-1100,"INTROD.POLITICA COMPARADA",3
CPOL-1201,"INTROD. ESTUDIOS INTERNACIONAL",3
CPOL-1300,"INTROD. POLITICA COLOMBIANA",3
CPOL-1400,"INTRODUCCION TEORIA POLITICA",3
CPOL-1500,"FUNDAMENTOS DE METODOLOGIA",3
CPOL-2137B,"ETNOGRAFIAR LA POLÍTICA",3
CPOL-2204,"TEORIA RELACIONES INTERNAC.",3
CPOL-2245,"DES GEOPOL DINAM SEG ASIA NORT",3
CPOL-2247,"AFRIC.POLITIC. COMPA. PERSPEC.",3
CPOL-2248,"PAL.ISR: CONF.CONS.PAZ.SXX-XXI",3
CPOL-2250,"GEO-POLÍT SEGURID ENERG GLOBAL",3
CPOL-2308B,"PARTIDOS POLITICOS Y ELECCIONE",3
CPOL-2311,"POLITICAS PUBLICAS",3
CPOL-2338,"PRESIDENCIAL. COLOMBIA Y LATAM",3
CPOL-2339,"HIST.SOC.CULT.FRENTE NACIONAL",3
CPOL-2410A,"JUSTICIA TRANSIC Y MEMORIA",3
CPOL-2417,"TEORIA CONTEMP POLITICA Y SOC",3
CPOL-2425,"HACIENDO HISTOR. NEGOC. HABANA",3
CPOL-2426B,"RELIGIÓN Y POLÍTICA",3
CPOL-2501,"TALLER METODOLOGIA",3
CPOL-3100,"SEM POLITICA COMPARADA",3
CPOL-3202,"SEM ESTUDIOS INTERNACIONALES",3
CPOL-3300,"SEM POLITICA COLOMBIANA",3
CPOL-3500,"SEMINARIO INVESTIGACION",3
CPOL-4522,"SEMINARIO INVESTIGACION CIENCI",4
DDER-6202,"METODOS DE INVESTIGACION 2",4
DECA-1001,"HERRAMIENTAS VIDA UNIVERSITARI",1
DEIN-4402,"SEMINARIO DE INVESTIGACIÓN",4
DEIN-4601,"MERCADOS Y DERECHO INT",4
DEIN-4604,"DERECHO PENAL INTERNACIONAL",4
DEIN-4606,"DERECHO AMBIENTAL INTERNACIONA",4
DEMP-5203,"RESPONSABILIDAD CIVIL",1
DEMP-5205,SOCIEDADES,2
DEMP-5301,"RELACIONES LABORALES",2
DEMP-5302,"EMPRESA Y CONFLICTO COLECTIVO",1
DEMP-5303,"PROTECCION LABORAL",2
DENI-5704,"CAMBIOS INTERN.Y TRIBUT.INTERN",4
DENI-5705,"FINANZAS Y MDOS INTERNALES",4
DEPI-4104,PATENTES,4
DEPI-4105,"DISEÑO INDUST.SECRETO EMPRESAR",4
DEPI-4106,"DE LAS NUEVAS TECNOLOGIAS",4
DEPR-4100,"RESPONSABILIDAD CIVIL",4
DEPR-4101,"D. DE LAS MULTIN Y RES. S. EMP",4
DEPR-4107,"DERECHO FINANCIERO",4
DERE-1101,"INTRODUCCION AL DERECHO",4
DERE-1102,"LOGICA Y RETORICA",3
DERE-1103,"SOCIOLOGIA JURIDICA",3
DERE-1107,"ETICA Y MEDIO AMBIENTE",3
DERE-1124B,"CINE Y CRIMEN",3
DERE-1201,"DERECHO ROMANO",3
DERE-1202,"FUNDAM DERE DE LOS NEGOCIOS",3
DERE-1300,"CONSTITUCION Y DEMOCRACIA",3
DERE-1301,"TEORIA GENERAL DEL ESTADO",3
DERE-2101,"HISTORIA DE LAS INSTITUCIONES",3
DERE-2102,"TEORIA JURIDICA",5
DERE-2103,"ETICA PROFESIONAL",3
DERE-2201,"OBLIGACIONES I",5
DERE-2202,"OBLIGACIONES II",5
DERE-2203,PROCEDIMIENTOS,4
DERE-2204,PRUEBAS,3
DERE-2205,CONTRATOS,5
DERE-2206,"PROPIEDAD Y DERE REALES 3 SEM",3
DERE-2207,"ARGUMENTACION EN PROCESOS CIVI",3
DERE-2208,"RELACIONES FAMILIARES",4
DERE-2211,"DERECHO COMERCIAL",3
DERE-2301,"DERECHO CONSTITUCIONAL",5
DERE-2302,"JUEZ E INTERPRET CONSTITUCIONA",3
DERE-2303,"DERECHO PUBLICO ADMINISTRATIVO",3
DERE-2304,"LEGISLACION Y POLITICAS PUBLIC",3
DERE-2401,"DERECHO PENAL",3
DERE-2402,"ARGUMENTACION EN EL PROCESO PE",3
DERE-2403,"PENAL ESPECIAL",3
DERE-2501,"RELACIONES LABORALES",3
DERE-2502,"PROTECCIÓN LABORAL",3
DERE-2601,"DERECHO INTERNACIONAL (INGLES)",3
DERE-2602,"DERECHO COMPARADO",3
DERE-3101,"HERMENEUTICA JURIDICA",3
DERE-3162,"MIS CONFLICTOS CON EL DERECHO",3
DERE-3193,"DERECHO,SEXO Y NO REPRODUCCIÓN",3
DERE-3201,SOCIEDADES,3
DERE-3202,"TITULOS VALORES",3
DERE-3203,"CONTRATOS COMERCIALES Y FINANC",3
DERE-3204,"PROCESOS DECLAR EJECUT Y ARBIT",3
DERE-3207,"DERECHO DE LA COMPETENCIA",3
DERE-3210,"DERECHOS DE AUTOR (3 CREDITOS,",3
DERE-3234,"FUSIONES Y ADQUISICIONES",3
DERE-3239,"PROTECCIÓN DATOS PERSONALES",3
DERE-3273,"FINANZAS PARA ABOGADOS",3
DERE-3277,"DERECHO BURSÁTIL ÉPOCA CRISIS",3
DERE-3301,"RESPONSABILIDAD DEL ESTADO",3
DERE-3302,"ACCIONES PUBLICAS",3
DERE-3303,"CONTRATOS ESTATALES",3
DERE-3307,"ASOCIACIONES PUBLICO PRIVADA",3
DERE-3309,TRIBUTACION,3
DERE-3351,"DERECHO AMBIENTAL",3
DERE-3377,"CONSTITUCION DESARR.ECONOMICO",3
DERE-3397,"DERECHO ELECTORAL",3
DERE-3406,"PENAL INTERNACIONAL",3
DERE-3409,CRIMINOLOGIA,3
DERE-3438,"CRIMINAL ECONÓMICA FINANCIERA",3
DERE-3462,"INVESTIGACIÓN CRIMINAL CORRUPC",3
DERE-3577,"NEGOCIACION RESOLUC.CONFLICTOS",3
DERE-3601,"DERE. INTERNACIONAL 2 (INGLES)",3
DERE-3603,"ARBITRAJE NACIONAL E INTERNAL.",3
DERE-3608,"CONCURSO DERECHOS HUMANOS",3
DERE-3615,"CONCURSO ELSA WTO MOOT COURT",3
DERE-3625,"DERE DEL ESPACIO ULTRATERREST",3
DERE-3707,"DERECHO Y MOVIMIENTOS SOCIALES",3
DERE-3813,"CJ PAIS PRIMARIA",0
DERE-3834,"CJ-I CONCILIACION",0
DERE-3835,"CJ-PRISIONES Y CÁRCELES",0
DERE-3837,"CJ MEDIO AMBIENTE SALUD PUBLIC",0
DERE-3904,"SEMINARIO INVESTIGACION DIRIGI",3
DGGJ-4103,"JUEZ Y DISTRIBUCIÓN DE RECURSO",4
DGGJ-4201,"SEMINARIO DE INVESTIGACION (I)",4
DGGJ-4202,"PROBLEMAS ADMON DE JUSTICIA II",4
DIGS-5101,"SISTEMAS TECNOLOGICOS",2
DIGS-5104,"DISEÑO E INNOVACION SOCIAL",2
DIGS-5202,"DINAMICAS TECNOLOGICAS",2
DIGS-5401,"PROYECTO I",1
DISE-1204,"HISTORIA DEL DISEÑO",3
DISE-1223B,"COLOR, COLOR Y MAS COLOR",3
DISE-1231B,"REIMAGINAR EL ESPACIO",3
DISE-1240A,"HISTORIA DEL TRAJE",3
DISE-1312,"TALLER DIGITAL",3
DISE-2200,"CULTURAS VISUALES",3
DISE-2306,"PRODUCTO 1",3
DISE-2307,"PRODUCTO 2",3
DISE-2308,"PRODUCTO 3",3
DISE-2309,"PRODUCTO 4",3
DISE-2356,"COMUNICACIÓN 1",3
DISE-2357,"COMUNICACIÓN 2",3
DISE-2358,"COMUNICACIÓN 3",3
DISE-2359,"COMUNICACIÓN 4",3
DISE-2616,"FOTOGRAFÍA 2: PERSONAS",3
DISE-3205,"HISTORIA DEL DISEÑO 2",3
DISE-3207,"ALIMENTOS OPORTUN. EMPRENDED.",3
DISE-3246,"EMPATHY LAB",3
DISE-3349,"VIDEOJUEGOS: HISTORIA Y DISEÑO",3
DISE-3358,"CIENCIA SEXY: COM. EFECTIVA",3
DISE-3437,"DISEÑO, MATERIALES Y PROCESOS",3
DMIN-5201,"NEGOCIOS Y HERRAMIENTAS JUR.",5
DMIN-5202,"SECTOR MINERO-ENERGÉTICO",4
DPRO-4101,"INGENIERIA COMPUTACIONAL",4
DPRO-4201,"BIOPROCESOS OBTENCION ENERGIA",4
DPRO-4302,"DISEÑO DE SISTEMAS COLOIDALES",4
DPUB-4300,"REGULACIÓN DE SERVICIOS PÚBLIC",4
DPUB-4401,"TRABAJO DE GRADO",6
ECON-1001B,"INTROD. ECON COLOMBIANA",3
ECON-1001C,"COMPL INTROD. ECON COLOMBIANA",0
ECON-1002A,"MERCADO, LIBERTAD Y ORDEN",3
ECON-1006,"PENSANDO PROBLEMAS",3
ECON-1006C,"COMPL.PENSANDO PROBLEMAS",0
ECON-1110,"ANDES CONTIGO - ACOMPAÑAMIENTO",0
ECON-1300,"TALLER DE EXCEL ECON",1
ECON-1501,"HISTORIA ECONOMICA GENERAL",3
ECON-1502B,"HISTORIA PENSAMIENTO ECONOMICO",3
ECON-1701,"CONT. Y FINANZAS CORPORATIVAS",3
ECON-1701C,"COMPL CONT. Y FINANZAS CORPORA",0
ECON-2101,"MICROECONOMIA 2",4
ECON-2101C,"COMPL MICROECONOMÍA 2",0
ECON-2102,"MICROECONOMIA 3",4
ECON-2102C,"COMPL MICROECONOMÍA 3",0
ECON-2104,"EVAL. ECONOMICA DE PROYECTOS",3
ECON-2105,"TEORIA DE JUEGOS",3
ECON-2105C,"COMPL. TEORIA DE JUEGOS",0
ECON-2106,"TEORIA DEL CONSUMIDOR Y FIRMA",3
ECON-2106C,"COMPL TEORIA DEL CONS Y FIRMA",0
ECON-2107,"INTRODUCCIÓN A LA MICRO",3
ECON-2107C,"COMPL INTRODUCCION A LA MICRO",0
ECON-2201,"MACROECONOMIA 2",4
ECON-2201C,"COMPL MACROECONOMIA 2",0
ECON-2202,"MACROECONOMIA 3",4
ECON-2202C,"COMPL MACROECONOMIA 3",0
ECON-2203,"INTRODUCCIÓN A LA MACRO",4
ECON-2203C,"COMPL INTRODUCCIÓN A LA MACRO",0
ECON-2205,"HACIENDO ECONOMÍA 1",3
ECON-2301,"ECONOMETRIA 1",4
ECON-2501B,"ECONOMIA MARXISTA",3
ECON-2901B,"FUTBOL, ECONOMIA Y SOCIEDAD",3
ECON-3301,"ECONOMETRIA 2",4
ECON-3301C,"COMPL ECONOMETRIA 2",0
ECON-3401,"COMERCIO INTERNACIONAL(INGLÉS)",3
ECON-3402,"TEORIA POLIT.MONETARIA",3
ECON-3501,"HISTORIA ECONOMICA DE COLOMBIA",3
ECON-3502,"HIST.ANALISIS ECONOMICO",3
ECON-3507,"EVOL.CONDICIONES D VIDA EN COL",3
ECON-3508,"SEM DESARROLLO D TERRITOR. COL",3
ECON-3602,"MEMORIA DE GRADO",4
ECON-3609,"SEM. COYUNTURA ECONOMICA",3
ECON-3620,"ECONOMIA SOCIAL",3
ECON-3635,"TEOR.FINANZAS PARA ECONOMISTAS",3
ECON-3665,"SEM REGULACIÓN FINANCIERA",3
ECON-3704,"DERIVADOS FINANCIEROS",3
ECON-3722,"INTR TEO FINANZAS CORPORATIVAS",3
ECON-3727,"SEM POL. DE DESARROLLO Y ELCA.",3
ECON-3730,"SEM TEMAS MONETARIOS-BANCARIOS",3
ECON-3732,"MICROECONOMETRIA FINANCIERA",3
ECON-3739,"SEM SINDICALISMO Y MOV.SOCIALE",3
ECON-3741,"MDOS FINANCIEROS EN COLOMBIA",3
ECON-3744,"SEM.ECON,POL SOC,EQUIDAD,POBRE",3
ECON-3747,"ECON DEL COMPORTAMIENTO Y EXPE",3
ECON-3750,"MACRO Y FINANZAS INTERNACIONAL",3
ECON-3757,"SEM RECURSOS NATUR Y DESARROLL",3
ECON-3761,"SEM ANÁLISIS CONFLICTO ARMADO",3
ECON-3763,"ECO AGRAR DESARRR POSCONFLICTO",3
ECON-3764,"CRIMINALIDAD ECON Y FINANCIERA",3
ECON-4113,"MICRO AVANZ TEORIA DE JUEGOS",4
ECON-4113C,"COMPL MICRO AVANZ TEORIA DE J",0
ECON-4213,"MACROECONOMIA AVANZADA LP",4
ECON-4213C,"COMPL MACROECONOMI AVANZADA LP",0
ECON-4301,"ECONOMETRIA AVANZADA",4
ECON-4600,"SEMINARIO DE TESIS PEG",4
ECON-4643,"RIESGOYVALORACIÓN DE DERIVADOS",4
ECON-4645,"REGULACION Y COMPETENCIA",4
ECON-4645C,"COMPL.REGULACION Y COMPETENCIA",0
ECON-4649,"SEM MINERIA DATOSYAPLICACIONES",4
ECON-4649C,"COMP.SEM MINERIA DATOSYAPLIC.",0
ECON-4657,"POBREZA Y DESARROLLO ECON",4
ECON-4666,"MACROECONOMIA FINANCIERA",4
ECON-4667,"PRONOST.EN ECON.FINANZ Y OTROS",4
ECON-4667C,"COMP.PRONOST.EN ECON.FIN YOTR",0
EDUC-1000A,"AMBIENT.APREND.A TRAVES HISTOR",3
EDUC-1001B,"CONSTRUCTIVISMO Y APRENDIZAJE",3
EDUC-1005B,"EDUCACION Y CIENCIA",3
EDUC-1010B,"FORMAC ETICA DEL PROFESIONAL",3
EDUC-1012A,"EL SENTIDO DE LA EDUCACION",3
EDUC-1017B,"APRENDER EN LA ERA DIGITAL",3
EDUC-1024,"TEORÍAS Y RETOS DEL APRENDIZAJ",3
EDUC-1025B,"INFANCIA Y CULTURA",3
EDUC-1033,"INTERCULTURALIDAD Y PROC EDUCA",3
EDUC-1102,"DESARROLLO Y EDUCACIÓN",3
EDUC-1103,"DIVERSIDAD Y APRENDIZAJE",3
EDUC-1104,"ARTE, JUEGO Y LITERATURA",3
EDUC-1200,"LAB AMBIENTES AP A TRAVES HIST",1
EDUC-1201,"LAB CONSTRUCTIVISMO Y APRENDIZ",1
EDUC-1301,"LAB TEORIAS Y RETOS APRENDIZAJ",1
EDUC-1302,"LAB DESARROLLO Y EDUCACIÓN",1
EDUC-2008,"DISEÑO DE INVESTIGACION II",3
EDUC-2102,"DISEÑO CURRICULAR",3
EDUC-2201,"PRÁCTICA FORMATIVA 1",4
EDUC-2202,"PRÁCTICA FORMATIVA 2",4
EDUC-3000,"PRACTICA PEDAGOGICA",4
EDUC-3201,"PRÁCTICA PROFESIONAL 1",10
EDUC-4017,"CURRICULO Y PEDAGOGIA",4
EDUC-4022,"TALLER DE REDACCION",0
EDUC-4025,"FUNDAMENTOS DE INVESTIGACIÓN E",4
EDUC-4027,"MÉTODOS CUALIITATIVOS DE INVES",4
EDUC-4036,"INVESTIGACIÓN- ACCIÓN",4
EDUC-4113,"ARTE, JUEGO Y LITERATURA",4
EDUC-4114,"DIVERSIDAD Y APRENDIZAJE",4
EDUC-4206,"TESIS 1",6
EDUC-4207,"TESIS 2",6
EDUC-4301,"EDUCACIÓN BILINGUE CONTEXTOS Y",4
EDUC-4408,"INVESTIGAR Y EVAL INNOVA EDUCA",4
EDUC-4606,"CONTEXTO EDUCATIVO COLOMBIANO",4
EDUC-4731,"EMOCIONES Y EDUCACIÓN",4
EDUC-4905,"EDUCACIÓN EN DERECHOS HUMANOS",4
EDUC-5300,"SEMINARIO DE INVES. - ACCIÓN",6
EDUC-6003,"COLOQUIO DE INVESTIGACIÓN  I",0
EDUC-6005,"COLOQUIO DE INVESTIGACION II",0
EDUC-6007,"COLOQUIO DE INVESTIGACION III",0
EDUC-6008,"COLOQUIO DE INVESTIGACION IV",0
EDUC-6009,"COLOQUIO DE INVESTIGACION V",0
EDUC-6010,"COLOQUIO DE INVESTIGACION VI",0
EDUC-6020,"LÓGICAS INVESTIG.EDUC.Y PEDAG.",4
EDUC-6027,"SEMIN.PENSANDO EDUCACION ED",0
EDUC-6028,"COLOQUIO INVESTIGACION VII",0
EDUC-6029,"SEM. TEORÍA SOCIAL Y EDUCACIÓN",4
EECO-5101,"MICROECONOMIA EE",2
EECO-5102,"METODOS CUANTITATIVOS EE",2
EECO-5219,"FORMULACIÓN DE PROYECTOS",1
EGOB-1100B,"INTRODUCCIÓN AL GOBIERNO",3
EGOB-1101B,"ETICA, JUSTICIA Y POL PUBLICAS",3
EGOB-1104,"INTRODUCCION A LA GESTIÓN PÚBL",3
EGOB-1105,"MÉTODOS CUALI PARA ASUNTOS PUB",3
EGOB-1106,"INTR. ASUNTOS PÚBLIC. GLOBALES",3
EGOB-1112B,"INTRO A LAS POLÍTICAS PÚBLICAS",3
EGOB-1206B,"SALUD GLOBAL",3
EGOB-1209B,"LIDERAZGO: TEORIA Y PRACTICA",3
EGOB-1211B,"EL DERECHO A LA CIUDAD: DIFERE",3
EGOB-2100,"POLÍTICA, GESTIÓN Y POLIT PUBL",3
EGOB-2101,"MÉTOD CUANTI PARA ASUNT PUB I",4
EGOB-2101C,"COMPL.METODOS CUANT.ASUNT.PUBL",0
EGOB-3004,"EVALUACIÓN DE POLÍTICAS PÚBL",3
EGOB-3006,"PRÁCTICA DE LA GESTIÓN PÚBLICA",3
EGOB-3112,"ANÁLISIS DE PROBLEMAS GLOBALES",3
EGOB-3113,"INTERNATIONAL DEVELOPMENT",3
EGOB-3114,"FINANZAS PUBLICAS Y PRESUPUEST",3
EGOB-3115,"COMPORT. Y POLITICAS PUBLICAS",3
EGOB-3116,"ANALISIS POLITICAS PUBLICAS",3
EGOB-3506,"IMPLEM. POLIT. PUBLIC.COLOMBIA",3
EGOB-4100,"SEMINARIO DE POSTGRADO I",0
EGOB-4103,"MICROECONOMÍA PARA ASUNTOS PÚB",4
EGOB-4104,"TECNICAS DE ANALISIS DE DATOS",4
EGOB-4109,"TÉCNICAS DE ANÁLISIS DATOS II",4
EGOB-4110,"SEMINARIO DE POSTGRADO II",0
EGOB-4111,"ANALISIS DE PROBLEMAS COLOMBIA",4
EGOB-4113,"SEMINARIO DE POSTGRADO III",0
EGOB-4117,"POLÍTICAS PÚBLICAS",4
EGOB-4118,"ESTRATEGIA Y LIDERAZGO EN LAS",4
EGOB-4201,"EVALUACION DE POLITICAS PUBL.",4
EGOB-4817,"CIUDAD REGIÓN, POLÍT. PÚBLICAS",4
EGOB-4822,"IMPLEM. POLIT. PUBLIC.COLOMBIA",4
EINT-1000,"COLOMBIA Y EL MUNDO",3
EINT-4201,"MÉTODOS DE INVESTIGACIÓN",4
EMAT-4801,"NOCIÓN DE CURRÍCULO EN MATEMÁT",4
EMAT-4802,"ANÁLISIS DE CONTENIDO",5
EMAT-4803,"ANÁLISIS COGNITIVO",4
EMAT-4804,"ANÁLISIS DE INSTRUCCIÓN",5
EMAT-4807,"ANÁLISIS DE LA PLANIFICACIÓN",4
EMAT-4808,"INFORME FINAL",5
FILO-1010,"INTRODUCCION A LA FILOSOFIA",3
FILO-1110B,ARISTOTELES,3
FILO-1120B,DESCARTES,3
FILO-1392A,"FILOSOFIA COMO ARTE DE VIVIR",3
FILO-1396B,"HAPPIN. AND CARE OF THE SELF",3
FILO-2000,"LOGICA 2",3
FILO-2110,HEGEL,3
FILO-2130,NIETZSCHE,3
FILO-2350B,"PENSAMIENTO POLITIC.COLOMBIANO",3
FILO-2530,"FILOSOFIA DEL LENGUAJE",3
FILO-3218,"LA HERMEN DE HEIDEGG A GADAME",3
FILO-3415,"TUCÍDIDES: POLÍTICA Y GUERRA",3
FILO-3417,"HANNAH ARENDT",3
FISI-1000,PREFISICA,3
FISI-1000C,"COMPL. PREFISICA",0
FISI-1002,"INTRODUCCION A FISICA",1
FISI-1003,"COLOQUIO 1 DE FISICA",1
FISI-1005,"COLOQUIO 2 DE FISICA",1
FISI-1012,"FISICA BASICA 1",3
FISI-1012C,"COMPL. FÍSICA BÁSICA 1",0
FISI-1018,"FISICA I",3
FISI-1018C,"COMPL. FÍSICA I",0
FISI-1022,"FISICA BASICA 2",3
FISI-1022C,"COMPL. FÍSICA BÁSICA 2",0
FISI-1028,"FISICA II",3
FISI-1028C,"COMPL. FÍSICA II",0
FISI-1038,"ONDAS Y FLUIDOS",3
FISI-1038C,"COMPL. ONDAS Y FLUIDOS",0
FISI-1048,"FISICA MODERNA",3
FISI-1048C,"COMPL. FÍSICA MODERNA",0
FISI-1060B,"SIGLO DE ORO DE LA FÍSICA",3
FISI-1090A,"COSMOS: EL UNIVERSO FISICO",3
FISI-1092A,"ENERGIA UNA PERSPECTIVA GLOBAL",3
FISI-1094B,"ENERGIAS ALTERNATIVAS",3
FISI-1096B,"ARMAS NUCLEARES",3
FISI-1098B,"EL LADO OSCURO DEL UNIVERSO",3
FISI-1801B,NANOTECNOLOGIA,3
FISI-1907B,"ASTRONOMIA PLANETARIA",3
FISI-1912B,"MUNDOS LEJANOS",3
FISI-1913B,"ASTROBIOLOGÍA: VIDA EN EL UNIV",3
FISI-1914,"TALLER DE ASTRONOMIA",1
FISI-2007,"METODOS MATEMATICOS",3
FISI-2040,"TERMODINAMICA (INGLES)",3
FISI-2051,"LABORATORIO INTERMEDIO",3
FISI-2350,"FISICA ATOMICA",3
FISI-2405,MECANICA,3
FISI-2432,"ELECTROMAGNETISMO 1 (INGLES)",3
FISI-2940,"ASTROFÍSICA EXTRAGALÁCTICA",3
FISI-3000,"PRACTICA DOCENTE FISICA",3
FISI-3010,"MECANICA CUANTICA I",3
FISI-3020,"MECANICA CUANTICA II",3
FISI-3040,"FISICA ESTADISTICA",3
FISI-3080,"TEORÍA DE LA INFO PARA FÍSIC",4
FISI-3094,"COSMOLOGIA MODERNA",4
FISI-3152,"FISICA DE PARTICULAS",3
FISI-3434,"ELECTROMAGNETISMO 2",3
FISI-3450,"OPTICA MODERNA",3
FISI-3760,"FISICA DEL ESTADO SOLIDO",3
FISI-3763,"INTRO. A DIFRACCIÓN DE RAYOS X",3
FISI-3767,"SUPERFLUIDOS, SUPERCONDUCTORES",3
FISI-3811,"NANOMATERIALES AVANZADOS",3
FISI-4010,"MECANICA CUANTICA AVANZADA 1",4
FISI-4040,"MECANICA ESTADISTICA",4
FISI-4051,"LABORATORIO AVANZADO",4
FISI-4080,"TEORÍA DE LA INFO PARA FÍSICOS",4
FISI-4401,"SEMINARIO DE OPTICA CUANTICA",3
FISI-4402,"SEMINARIO 2 DE OPTICA CUANTICA",3
FISI-4405,"MECANICA ANALITICA",4
FISI-4430,"ELECTRODINAMICA (INGLES)",4
FISI-4450,"OPTICA MODERNA",4
FISI-4811,"NANOMATERIALES AVANZADOS",4
GEOC-0000,INDUCCION,1
GEOC-0001,"NUCLEO GEOCIENCIAS",0
GEOC-1002,GEOCIENCIAS,3
GEOC-1022,GEOLOGIA,3
GEOC-1416B,"DINOSAURIOS (INGLES)",3
GEOC-1611B,"DESASTRES NATURALES",3
GEOC-2018,"GEOQUÍMICA",3
GEOC-2028,"MINERALES FORMADORES DE ROCAS",3
GEOC-2057,"MECANICA DEL CONTINUO (INGLÉS)",3
GEOC-3010,"MATEMA. Y ESTADIS. GEOCIENCIAS",3
GEOC-3038,"ESTRAT Y SEDIMENTOLOG (INGLÉS)",3
GEOC-3048,"SÍSMICA Y SISMOLOGÍA  (INGLÉS)",3
GEOC-3049,"LAB. SÍSMICA Y SISMOLOGÍA",1
GEOC-3050,"SEMINARIO DE GEOCIENCIAS",1
GEOC-3057,"GEODINÁMICA  (INGLÉS)",3
GEOC-3068,"SENS REMOT SIG Y GPS  (INGLÉS)",3
GEOC-3140,"DATA ANALYSIS GEOSC. (INGLÉS)",3
GEOC-3303,"GEOSTATISTICS  (INGLÉS)",3
GPUB-5604,"ACTIVIDAD ADMINISTRATIVA",4
GPUB-5605,"RESPONSABILIDAD DEL ESTADO",2
GPUB-5607,"CONTROL DE LA ADMON. PUBLICA",2
HART-1104A,"APRECIACIÓN DEL ARTE",3
HART-1105A,"EL ARTE EN LA HISTORIA DE OCCI",3
HART-1111A,"ARTE Y PAISAJE",3
HART-1130A,"HISTORIA DE LA FOTOGRAFIA",3
HART-1341B,"ARTE EN COLOMBIA",3
HART-1441B,"ARTE EN  AMERICA LATINA",3
HART-1500B,"ARTE ESPAÑOL",3
HART-1522B,"ARTE MEDIEVAL",3
HART-1523B,"VANGUARDIAS ARTÍSTICAS",3
HART-1603A,"ARTE PREHISPANICO",3
HART-2142,"HISTORIA DEL VIDEO",3
HART-2202,"DOCUMENTOS Y ARCHIVOS EN ARTE",3
HART-3140,"ARTE ABSTRACTO DESPUES II GM",3
HART-3532,"SEM IMPERIO ROMANO",3
HART-3990,"SEMINARIO TRABAJO DE GRADO",3
HIST-1101,"INTROD I: PROBLEM.CONOC.HIST.",3
HIST-1102,"INTROD II:CONCEPTOS HISTORICOS",3
HIST-1417B,"INTRODUCCION A LA GEOGRAFIA",3
HIST-2102,FUENTES.2.METOD.HISTORIA,3
HIST-2103,"HISTORIOGRAFIA DE COLOMBIA",3
HIST-2204A,"GEOGRAFIA DE COLOMBIA",3
HIST-2205A,"HISTORIA DE COLOMBIA",3
HIST-2300B,"HISTORIA COLONIAL COMPARADA",3
HIST-2302B,"AMERICA LATINA SIGLO XIX",3
HIST-2305B,"IMPERIOS DEL MUNDO ATLANTICO",3
HIST-2332A,"HISTORIA DE LAS COSAS",3
HIST-2412B,"HISTORIA DE LOS ESTADOS UNIDOS",3
HIST-2420A,"HISTORIA DE LA MEDICINA",3
HIST-2423,"EDAD MEDIA: HIST Y FILO",3
HIST-3103,"SEMINARIO DISEÑO DE PROYECTOS",3
HIST-3409,"S. PERSPECTIVAS HISTORIOGRAF.",3
HIST-3511,"SEM. HISTORIA DIGITAL",3
HIST-3514,"SEM. HISTORIA PÚBLICA",3
IBIO-1010,"INTRO. A LA ING. BIOMÉDICA",3
IBIO-1011,"LAB INTRO ING BIOMÉDICA",0
IBIO-1110,"PROGRAMA DE ACOMPAÑAMIENTO",0
IBIO-1701B,"EL HOMBRE ARTIFICIAL",3
IBIO-2099,"FISIOL. CUANTIT. ING. BIOMEDI1",3
IBIO-2099L,LAB.FISIOLOG.CUANTIT.ING.BIOM1,0
IBIO-2240,"PROGRAMACION CIENTIFICA",3
IBIO-2250,"FENÓMENOS DE TRANSPORTE BIOLÓG",3
IBIO-2650,BIOMATERIALES,3
IBIO-3160,BIOMECANICA,3
IBIO-3260,"MODELADO Y SIMULACIÓN SIST BIO",3
IBIO-3270,"DISEÑO DE EXP. Y BIOESTADÍSTIC",3
IBIO-3411,"TOPIC. SELEC. BIOTEC. MED.",3
IBIO-3560,"PROC.SEÑALES E INST. BIOMED.",3
IBIO-3680,"PROYECTO DE DISEÑO 1",3
IBIO-3801,"FUNDAMENTOS INGENIERIA CLINICA",3
IBIO-3870,"PROYECTO DE DISEÑO 2",3
IBIO-4217,"FISIOLOGÍA AVANZADA",4
IBIO-4217L,"LAB. FISIOLOGÍA AVANZADA",0
IBIO-4401,"BIOLOGIA AVANZADA",4
IBIO-4411,"DISEÑO MOLECULAR DE VACUNAS",4
IBIO-4501,"ANALISIS DE RITMOS CEREBRALES",4
IBIO-4680,"VISION POR COMPUTADOR",4
IBIO-4770,"SEMINARIO DE INVESTIGACIÓN",0
ICYA-1101,"INTROD. PROBLEMATIC. AMBIENTAL",3
ICYA-1101C,"COMPL INTROD PROBLEM AMBIENTAL",0
ICYA-1110,"QUIMICA AMBIENTAL",3
ICYA-1113,"INTRODUCCION A ING AMBIENTAL",3
ICYA-1113C,"COMPL INTRO A ING AMBIENTAL",0
ICYA-1114,"INTRODUCCION A ING CIVIL",3
ICYA-1114C,"COMPL INTRO A ING CIVIL",0
ICYA-1116,ESTATICA,3
ICYA-1116C,"COMPL ESTATICA",0
ICYA-1117,"MECANICA DE MATERIALES",3
ICYA-1117C,"COMPL. MECANICA DE MATERIALES",0
ICYA-1122,"MATERIALES EN INGENIERIA CIVIL",3
ICYA-1125,"GEOMÁTICA",3
ICYA-1200A,"GRAND. PROY. HIST. HUMA",3
ICYA-1500B,"TRANSPORTE URBANO SOSTENIBLE",3
ICYA-2001,"MODELACION Y ANALISIS NUMERICO",3
ICYA-2001C,"COMPL MODEL Y ANALISIS NUM",0
ICYA-2101,"TERMOQUIMICA AMBIENTAL",3
ICYA-2101C,"COMPL TERMOQUIMICA AMBIENTAL",0
ICYA-2203,"ANALISIS SIST. ESTRUCTURALES",3
ICYA-2304,"FUNDAMENTOS DE GEOTECNIA",3
ICYA-2401,"MECANICA DE FLUIDOS",3
ICYA-2401C,"COMPL MECANICA DE FLUIDOS",0
ICYA-2402,HIDRAULICA,3
ICYA-2402C,"COMPL HIDRAULICA",0
ICYA-2406,POTABILIZACION,3
ICYA-2407,"MICROBIOLOGIA AMBIENTAL",3
ICYA-2412,"MECÁNICA DE FLUIDOS AMBIENTAL",3
ICYA-2412C,"COMPL MECANICA FLUIDOS AMBIENT",0
ICYA-3078,"PROY. FINAL DISEÑO ING.CIVIL",3
ICYA-3079,"PROY. FINAL DISEÑO ING. AMB.",3
ICYA-3079C,"COMPL PROY FINL DISEÑO ING AMB",0
ICYA-3107,"PRERREQUISITO PROYECTO IAMB",0
ICYA-3108,"PRERREQUISITO PROYECT. ICIV",0
ICYA-3202,"DISEÑO ESTRUCTURAL",3
ICYA-3202C,"COMPL DISEÑO ESTRUCTURAL",0
ICYA-3203,"GERENCIA PROY CONSTRUCCION",3
ICYA-3305,"ESTRUCTURAS GEOTECNICAS",3
ICYA-3306,"SISTEMAS DE TRANSPORTE",3
ICYA-3306L,"LAB SISTEMAS DE TRANSPORTE",0
ICYA-3307,"DISEÑO DE VIAS",3
ICYA-3307C,"COMPL DISEÑO DE VIAS",0
ICYA-3401,HIDROLOGIA,3
ICYA-3401C,"COMPL HIDROLOGIA",0
ICYA-3406,"MODELACION AMBIENTAL",3
ICYA-3408,"TRATAMIENTO AGUAS RESIDUALES",3
ICYA-3408L,"LAB TRATAMIENTO AGUAS RESIDU",0
ICYA-3501,"CALIDAD DEL AIRE Y METEOROLOGI",3
ICYA-3501L,"LAB CALIDAD DEL AIRE Y METEORO",0
ICYA-3601,"EVALUACION Y AUDITOR.AMBIENTAL",3
ICYA-3702,"RESIDUOS SOLIDOS",3
ICYA-4106,"BIODIVERSIDAD COLOMBIANA",4
ICYA-4108,"NANOTEC. AMB: IMPLIC. Y APLIC.",4
ICYA-4111,"RESIDUOS PELIGROSOS",4
ICYA-4126,"ANÁLISIS RIESGO QUIM. MICROBIO",4
ICYA-4138,"HIDROLOGIA URBANA",4
ICYA-4140,"VARIABILIDAD YCAMBIO CLIMATICO",4
ICYA-4206,"PROPUESTA DE TESIS GERENCIA",0
ICYA-4212,"PROPUESTA TESIS MICIV",0
ICYA-4216,"PROPUESTA DE TESIS MIAMB",0
ICYA-4290,"PROPUESTA PROY. GRADO GERENCIA",0
ICYA-4291,"PROPUESTA PROY. GRADO ESTRUCTU",0
ICYA-4293,"PROYECTO GRADO ESTRUCTURAS",4
ICYA-4301,"ADMON PROYECTO CONSTRUC",4
ICYA-4302,"PLANIF. CONSTR. LEAN CONSTRUCT",4
ICYA-4303,"SEMIN.PROYECTOS DE INFRAESTRUC",4
ICYA-4306,"ASPECTOS LEGALES CONSTRUC.",4
ICYA-4318,"CONSTRUCCIÓN SOSTENIBLE: HERRA",4
ICYA-4320,"GERENCIA PROY. INMOBILIARIOS",4
ICYA-4327,"PLANIF. PROY. INFRAESTRUCTURA",4
ICYA-4350,"NIV. ING. GERENC. CONSTRUCCION",3
ICYA-4401,"COMPRT DINAMICO DE ESTRUCTURAS",4
ICYA-4410,"COMP Y DISEÑ ESTUCT DE ACERO",4
ICYA-4414,"MODELACION CON ELEMENTOS FINIT",4
ICYA-4449,"DISE - BASICO  DE ACERO",4
ICYA-4450,"DISEÑO Y COMP. ESTRUC. CONC.",4
ICYA-4501,"PROP. FISIC. SUEL. MECAN. ROCA",4
ICYA-4502,"TALLER HERRAM. EXPERIMENTALES",4
ICYA-4504,"TALLER DE DISEÑO CIMENTACIONES",4
ICYA-4602,"DISEÑO AVANZADO DE PAV.",4
ICYA-4606,EVAL.DIAG.CONS.PAVIMENTOS,4
ICYA-4608,"MATERIALES ASFÁLTICOS",4
ICYA-4611,"ANÁLISIS DE RIESGO",4
ICYA-4701,"DISEÑO EN ING HIDRAULICA",4
ICYA-4716,"MODEL. FLUJO Y CONT. ACUI.",4
ICYA-4717,"HIDRAULICA DE RIOS",4
ICYA-4801,"ANAL. SISTEMAS DE TRANSPORTE",4
ICYA-4809,"TRANSPORTE INTERURBANO D CARGA",4
ICYA-4810,"SEGURIDAD VIAL",4
IELE-1000,"INTR. A LA INGENIERIA ELECTR.",3
IELE-1000C,"COMPL INTR. INGENIERIA ELECTR",0
IELE-1002,"FUNDAMENTOS DE CIRCUITOS",3
IELE-1006,"FUNDAMENTOS DE CIRCUITOS",4
IELE-1010,"CIRCUITOS E INSTRUMENTACION",3
IELE-1080,"TUTORIA IEE",0
IELE-1400,"FUNDAMENTOS DE REDES",3
IELE-1502,"SISTEMAS DINÁMICOS",3
IELE-1999,"PLANEACION ACADEMICA",0
IELE-2000,"ANALISIS Y SINTESIS CIRCUITOS",1
IELE-2002,"TEORÍA ELECTROMAGNÉTICA",3
IELE-2002C,"COMPL TEORIA ELECTROMAGNETICA",0
IELE-2009,"COMPUTACION CIENTIFICA EN IEE",3
IELE-2010,"MATERIALES PARA IEE",3
IELE-2042B,"TECNOLOGÍA DE IRONMAN",3
IELE-2100,"ELEMENT.SISTEMAS ELECTRICOS",3
IELE-2206,"FUNDAMENTOS DE ELECTRÓNICA",3
IELE-2210,"SISTEMAS ELECTRONICOS DIGITALE",3
IELE-2300,"ANALISIS DE SISTEMS DE CONTROL",3
IELE-2402,COMUNICACIONES,3
IELE-2500,"SEÑALES",3
IELE-3000,"SEMINARIO PROYECTO DE GRADO",0
IELE-3006,OPTIMIZACION,3
IELE-3108,"TALLER DE SISTEMAS DE POTENCIA",3
IELE-3110,"ECONOMIA SISTEMAS DE POTENCIA",3
IELE-3135,"AUTOMAT SISTEMAS DISTRIBUCION",3
IELE-3138,"SIST. ELECTRICOS INDUSTRIALES",3
IELE-3152,"REDES INTELIGENTES",3
IELE-3200,"ELECTRÓNICA ANÁLOGA",3
IELE-3206,"INSTRUMENTACION ELECTRONICA",3
IELE-3330,"TALLER DE CONTROL",3
IELE-3338,ROBOTICA,3
IELE-3430,"TALLER DE COMUNICACIONES",3
IELE-4000,"SEMINARIO MAGÍSTER",0
IELE-4001,"SEMINARIO MAGÍSTER 1",0
IELE-4002,"SEMINARIO MAGÍSTER 2",0
IELE-4009,"SIST. LINEALES MULT. VARIABLES",4
IELE-4010,"PROCESOS ESTOCASTICOS",4
IELE-4014,"MACHINE LEARNING",4
IELE-4100,"PLANEAMIENTO SISTEMAS POTENCIA",4
IELE-4102,"CONTROL ESTABILI SIST POTENCIA",4
IELE-4204,"PPIOS BASICA DE NANOTECNOLOGIA",4
IELE-4313,"APREND.Y EVOL. ORIENT.CONTROL",4
IELE-4412,"RF FRONT-END 5G",4
IELE-4429,"TÉCNIC BANDA ULTRA ANCHA (UWB)",4
IELE-4801,"GERENCIA AVANZADA DE PROYECTOS",4
IGEN-1101A,"TECNOLOGIA Y SOCIEDAD",3
IGEN-1102B,"TECNOLOGIA Y GLOBALIZACION",3
IGEN-1104A,"HISTORIA DE LA TECNOLOGIA",3
IGEN-1115B,"TECNOCULTURAS EN AMÉRICA LATIN",3
IGEN-2007B,"CIENCIA,TECNOLOGÍA,INNOVACIÓN",3
IIND-1000,"INTROD. INGEN. INDUSTRIAL",3
IIND-1001,"PROGRAMA DE ACOMPAÑAMIENTO",0
IIND-1003,"CLINICA DE PROBLEMAS (IIND)",0
IIND-2103,"PRINCIPIOS OPTIMIZACION",3
IIND-2103C,"REFUERZO PRINCIPIOS OPTIMIZAC.",0
IIND-2104,"MODELOS PROBABILISTICOS",3
IIND-2106,"PROBABILIDAD Y ESTADÍSTICA I",3
IIND-2106C,"REFUERZO PROBA Y ESTAD I",0
IIND-2107,"PROBABILIDAD Y ESTADISTICA II",3
IIND-2109,"SISTEMAS APOYO A LA DECISION",3
IIND-2109C,"REFUERZO SIST. APOYO DECISION",0
IIND-2201,"CONTROL DE PRODUCCION",3
IIND-2202,"FUNDAMENTOS DE PRODUCCION",3
IIND-2301,"DINAMICA DE SISTEMAS",3
IIND-2302,"PENS SISTEMICO ORGANIZACIONES",3
IIND-2302C,"COMPL. PENS SISTE ORGANIZACION",0
IIND-2400,"SIST. DE CONTROL GERENCIAL",3
IIND-2401,"ANALIS.DECISION INVERSION",3
IIND-3000,"PROYECTO DE GRADO 1",0
IIND-3001,"PROYECTO DE GRADO 2",3
IIND-3006,"PROYECTO INTERMEDIO",3
IIND-3107,"ING. DE MERCADEO",3
IIND-3113,"SIMULAC. EVENTOS DISCRETOS",3
IIND-3202,"GERENCIA DE PRODUCCION",3
IIND-3208,"DES. AVANZADO DE NUEVOS PROD.",3
IIND-3218,"FUNDAMENTOS DE LA CALIDAD",3
IIND-3221,LOGISTICA,3
IIND-3301,"SISTEMAS PUBLICOS",3
IIND-3309,"RELACIONES INDUSTRIALES",3
IIND-3311,"ESTRATEGIA ORGANIZACIONAL",3
IIND-3312,"EMPREND.INNOVAC.EN INGE",3
IIND-3400,FINANZAS,3
IIND-3402,"VALORACION DE EMPRESAS",3
IIND-4005,"SEMINARIO DE INVESTIGACION",0
IIND-4100,"MODELOS ESTADIST.LINEALES",4
IIND-4101,"OPTIMIZACION AVANZADA",4
IIND-4102,"METOD.ESTADISTICOS MULTIVAR.",4
IIND-4110,"TUTORIAL INV.OPERACIONES",4
IIND-4125,"OPTIMIZACIÓN BAJO INCERTIDUMBR",4
IIND-4126,"MODE PREDIC SIST BAJO INCERTID",4
IIND-4200,"MODELOS CONTROL PRODUCC.",4
IIND-4213,"DISEÑO DE EXPERIM. INGE.",4
IIND-4215,"CONTROL DE CALIDAD AVANZADO",4
IIND-4223,"PROCESOS SISTEMAS MANUFACTURA",4
IIND-4301,"PENSAMIENTO SISTEMICO CRITICO",4
IIND-4305,"SEMINARIO DE COMPLEJIDAD",4
IIND-4317,"TUTORIAL DIREC. Y GESTION",4
IIND-4337,"SIMUL.BASADA AGENTES (SIMBA)",4
IIND-4403,"TEORIA DE LA DECISION",4
IIND-4406,"GERENCIA FINANCIERA DEL RIESGO",4
IIND-4414,"INGENIERÍA FINANCIERA",4
IMEC-1000,INTRODUCC.INGEN.MECANICA,3
IMEC-1000C,"COMPL.INTRODUCCION IMEC",0
IMEC-1001,"FUNDAMENTOS DE EXPERIMENT.",3
IMEC-1001L,"LABORATORIO DE FUNDAMENTOS",0
IMEC-1330,"TERMODINÁMICA",3
IMEC-1330L,"LABORATORIO TERMODINÁMICA",0
IMEC-1410,"CIENCIA DE MATERIALES",3
IMEC-1410L,"LABORAT.DE CIENCIA MATERIALES",0
IMEC-1503,"DISEÑO GRAFICO EN INGENIERÍA",3
IMEC-1503C,"COMPL.DISEÑO GRÁFICO INGEN",0
IMEC-1541,"MECANICA DE SOLIDOS RIGIDOS",3
IMEC-1541L,"LABORATORIO MEC SOL RIGIDOS",0
IMEC-1700,"SEMINARIO GIAP",0
IMEC-1800,"SEM. MECANICA COMPUTACIONAL",0
IMEC-2210,"MECANICA FLUIDOS",3
IMEC-2210L,"LABORATORIO MECANICA FLUIDOS",0
IMEC-2320,TRANSFERENC.CALOR,3
IMEC-2320L,"LAB TRANSFERENCIA DE CALOR",0
IMEC-2411,"INGENIERÍA DE MATERIALES",3
IMEC-2411L,"LAB. INGENIERIA DE MATERIALES",0
IMEC-2520,"MECÁNICA SÓLIDOS DEFORMABLES",3
IMEC-2520L,"LABORATORIO MEC. SÓL. DEFORMAB",0
IMEC-2540,"DINAMICA SISTEM.MECAN.(INGLES)",3
IMEC-2540L,"LAB. DINAMICA SISTEM.MECANICOS",0
IMEC-2543,"DINAMICA DE MAQUINARIA",3
IMEC-2543L,"LAB DINAMICA DE MAQUINARIA",0
IMEC-2700,"PROYECTO INTERMEDIO",3
IMEC-3345,"SISTEMAS CONVERSION DE ENERGIA",3
IMEC-3345L,"LAB DE SIST DE CONV DE ENERGIA",0
IMEC-3460,"SISTEMAS DE MANUFACTURA",3
IMEC-3460C,"COMPL.SISTEMAS DE MANUFACTURA",0
IMEC-3530,"DISEÑO DE SISTEMAS MECANICOS",3
IMEC-3530C,"COMPL.DISEÑO SIST MECANICOS",0
IMEC-3700,"SEMINARIO PROYECTOS",0
IMEC-4000,"TECNICAS DE EXPERIMT. E INSTRU",4
IMEC-4116,"MECÁNICA MATERIALES COMPUESTOS",4
IMEC-4200,"MECANICA DE FLUIDOS AVANZADA",4
IMEC-4423,"ANALISIS FALLA SIST. MECANICOS",4
IMEC-4503,"DINAMICA AVANZADA",4
IMEC-4600,"SOL NUM ECUACI DIFER PARCIALES",4
IMEC-4700,"SEM. DE MAGISTER",0
IMEC-6700,"SEMINARIO DE DOCTORADO",0
IQUI-1001,"INTROD.INGENIERIA QUIMICA",3
IQUI-1001C,"COMP.INTROD.INGENIERIA QUIMICA",0
IQUI-2010,"FUNDAMENTOS PROC. INDUSTRIALES",3
IQUI-2010C,"COMPL. FUND PROC. INDUSTRIALES",0
IQUI-2020,TERMODINAMICA,3
IQUI-2020C,"COMPL. TERMODINÁMICA",0
IQUI-2021,"EQUILIBRIO DE FASES Y QUIMICO",3
IQUI-2021C,"COMPL. EQUILIBRIO",0
IQUI-2023,"LAB. TERMODINAMICA",0
IQUI-2090,"PROYECTO DE MITAD DE CARRERA",3
IQUI-2091,"TALLER PMC",0
IQUI-2101,"FENOMENOS DE TRANSPORTE 1",3
IQUI-2101L,"TALLER FENOMENOS TRANSPORTE 1",0
IQUI-2102,"FENOMENOS DE TRANSPORTE 2",3
IQUI-2102C,"COMPL. FENOMENOS TRANSPORTE 2",0
IQUI-2200,"DISEÑO EXPERIM. ING QUIMIC",3
IQUI-2200L,"TALLER DISEÑO EXPERIMENTAL",0
IQUI-2300,"INGENIERIA DE REACCIONES",3
IQUI-3001,"PROCESOS DE SEPARACION",3
IQUI-3001C,"COMPL. PROC. SEPARACION",0
IQUI-3010,"OPERACIONES UNITARIAS",3
IQUI-3031,"DISEÑO PLANTAS DE PROCESO",3
IQUI-3039,"INTRO. MODEL. Y SIMUL. ING.",3
IQUI-3040,"OPTIMIZACION PROCESOS QUIMICOS",3
IQUI-3090,"SEM.PROYECTO GRADO",0
IQUI-3109,"TURBOMAQUINAS EN CPI",3
IQUI-4102,"TERMODINAMICA AVANZADA",4
IQUI-4218,"FISICOQUÍM SIST POLIMERICOS",4
IQUI-4402,SEMINARIO,0
IQUI-4511,"DISEÑO OPTIMO SISTEMAS TERMICO",4
ISIS-1001,"INTROD. INGENIERIA DE SISTEMAS",3
ISIS-1002,"ACOMPAÑAMIENTO ISIS",0
ISIS-1104,"MATEMÁTICA ESTRUCTURAL Y LÓGIC",3
ISIS-1104L,"LAB MATEMÁTICA ESTRUCT Y LOGIC",0
ISIS-1105,"DISEÑO Y ANALISIS DE ALGORI.",3
ISIS-1106,"LENGUAJES Y MÁQUINAS",3
ISIS-1204,"ALGORITMICA Y PROGR. OBJ. I",3
ISIS-1205,"ALGORITMICA Y PROGR. OBJ. II",3
ISIS-1206,"ESTRUCTURAS DE DATOS",3
ISIS-1206L,"LAB. ESTRUCTURAS DATOS",0
ISIS-1207,"ALG. Y PROGR. OBJ. I (HONORES)",3
ISIS-1209,"ALG. Y PROG. OBJ. II (HONORES)",3
ISIS-1304,"FUND INFRAESTRUCTURA TECNOLÓGI",3
ISIS-1404,"TI EN LAS ORGANIZACIONES",3
ISIS-1602B,"VIDEOJUEGOS: TEC.,DISEÑO Y CUL",3
ISIS-1603B,"LAS MIL CARAS DE INTERNET",3
ISIS-2007,"DISEÑO PROD. E INNOVACIÓN TI",3
ISIS-2008,"VISIÓN ISIS",0
ISIS-2203,"INFRAESTRUCTURA COMPUTACIONAL",3
ISIS-2304,"SISTEMAS TRANSACCIONALES",3
ISIS-2403,"ARQUITECTURA EMPRESARIAL",3
ISIS-2503,"ARQUITECTURA Y DISEÑO DE SW",3
ISIS-2603,"DESARROLLO DE SW EN EQUIPO",3
ISIS-2603L,"LAB DLLO DE SW EN EQUIPO",0
ISIS-3204,"INFRAESTRUCTURA COMUNICACIONES",3
ISIS-3301,"INTELIGENCIA DE NEGOCIOS",3
ISIS-3302,"MODELADO, SIMULACION Y OPTIMIZ",3
ISIS-3302L,"LAB MODELA, SIMULACION Y OPT",0
ISIS-3510,"CONSTR. APLICACIONES MÓVILES",3
ISIS-3510L,"LAB. CONSTR. APLICAC. MOVILES",0
ISIS-3710,"PROGR CON TECNOLOGIAS WEB",3
ISIS-3990,"INSCRIPCION A GRADO",0
ISIS-4000,"TESIS I",4
ISIS-4214,"AGENTES INTELIGENTES",4
ISIS-4217,"PARADIGMAS DE PROGRAMACIÓN",4
ISIS-4422,"SERV MOVILES Y DE PROXIMA GENE",4
ISIS-4426,"DESARROLLO DE SOLUCIONES CLOUD",4
ISIS-4823,"COMPUTACION VISUAL INTERACTIVA",4
LEGI-5501,"ASPECTOS JURIDICOS ECONOMICOS",3
LEGI-5503,"INTERV. ESTADO SECTOR FINANCIE",3
LEGI-5505,"GERENCIA FINANCIERA",3
LENG-1065,"PROFUN. LENG ADVANCED SPEAKING",0
LENG-1066,"PROFUN. LENG ADVANCED WRITING",0
LENG-1117,"INGLES 2 - LENGUAS Y CULTURA",3
LENG-1118,"INGLES 3 - LENGUAS Y CULTURA",3
LENG-1130,"WRITING BUSINESS COMMUNICATION",3
LENG-1150,"ENGLISH FUNDAMENTALS",0
LENG-1151,"ENGLISH 01",0
LENG-1152,"ENGLISH 02",0
LENG-1153,"ENGLISH 03",0
LENG-1154,"ENGLISH 04",0
LENG-1155,"ENGLISH 05",0
LENG-1156,"ENGLISH 06",0
LENG-1157,"ENGLISH 07 - SPEAKING 1",0
LENG-1158,"ENGLISH 08 - WRITING 1",0
LENG-1159,"ENGLISH 09A WRITING 2-SCIENCES",0
LENG-1160,"ENGLISH 09B WRITING 2 -HUMANIT",0
LENG-1161,"ENGLISH 10A-SPEAKING2 ACADEMIC",0
LENG-1162,"ENGLISH 10B SPEAKING2 PROFESS.",0
LENG-1201,"FRANCÉS 1",3
LENG-1202,"FRANCÉS 2",3
LENG-1203,"FRANCÉS 3",3
LENG-1204,"FRANCÉS 4",3
LENG-1225,"EXPRESSION ORALE ET PHONÉTIQUE",3
LENG-1300,"ALEMÁN 1 Y 2 COMBINADO BLENDED",3
LENG-1301,"ALEMAN 1",3
LENG-1302,"ALEMAN 2",3
LENG-1303,"ALEMAN 3",3
LENG-1304,"ALEMAN 4",3
LENG-1328,"PHONETIK UND MÜNDLICHER AUSDRU",3
LENG-1329,"DEUTSCHE GRAMMATIK",3
LENG-1350B,"ESCUELA, MEMORIA, NACIÓN",3
LENG-1401,"JAPONES 1",3
LENG-1402,"JAPONES 2",3
LENG-1403,"JAPONES 3",3
LENG-1404,"JAPONES 4",3
LENG-1406,"JAPONÉS PARA JPOP Y DORAMA",3
LENG-1469B,"GÉNERO EN JAPÓN",3
LENG-1470B,"CINE ASIÁTICO",3
LENG-1501,"ESPAÑOL",3
LENG-1582,"ESPAÑOL LENGUA EXTRANJERA  A2",3
LENG-1583,"ESPAÑOL LENGUA EXTRANJERA B1",3
LENG-1584,"ESPAÑOL LENGUA EXTRANJERA B2",3
LENG-1601,"ITALIANO 1",3
LENG-1602,"ITALIANO 2",3
LENG-1603,"ITALIANO 3",3
LENG-1604,"ITALIANO 4",3
LENG-1621B,"CINE ITALIANO",3
LENG-1701,"PORTUGUES 1",3
LENG-1702,"PORTUGUES 2",3
LENG-1703,"PORTUGUES 3",3
LENG-1704,"PORTUGUES 4",3
LENG-1741,"CHINO 1",3
LENG-1742,"CHINO 2",3
LENG-1743,"CHINO 3",3
LENG-1769,"RUSO PARA VIAJAR",3
LENG-1906,"INTRODUCCIÓN LINGÜÍSTICA  L YC",3
LENG-1907,"LINGÜÍSTICA GENERAL",3
LENG-1908,"SOCIOLINGÜÍSTICA",3
LENG-2114,"INGLES 4 - LENGUAS Y CULTURA",3
LENG-2115,"INGLES 5 - LENGUAS Y CULTURA",3
LENG-2116,"ADVANCED EFFECTIVE WRITING",3
LENG-2117,"ADVANCED EFFECTIVE SPEAKING",3
LENG-2118,"INGLES 6 - LENGUAS Y CULTURA",3
LENG-2211,"FRANCES 5",3
LENG-2212,"FRANCES 6",3
LENG-2224,"ATELIER DÉCRITURE ACADÉMIQUE1",3
LENG-2226,"ATELIER DÉCRITURE ACADÉMIQUE 2",3
LENG-2227,"CONVERSA Y ESCRIT EN FRANCÉS 6",0
LENG-2228,"GRAMMAIRE EN CONTEXTE",3
LENG-2311,"ALEMAN 5",3
LENG-2312,"ALEMAN 6",3
LENG-2315,"KREATIVES SPRECHEN UND SCHREIB",3
LENG-2316,"WISSENSCHAFTLICHES SCHREIBEN",3
LENG-2411,"JAPONES 5",3
LENG-2412,"JAPONES 6",3
LENG-2563,"PERFORMATIVIDAD Y REPRESENTAC.",3
LENG-2572B,"SEXO CULTURA Y SOCIEDAD",3
LENG-2575,"DISEÑO CURRICULAR",3
LENG-2576,"METODOLOGÍAS Y EVALUACIÓN",3
LENG-2582B,"SUPLICIOS Y PENAS DE MUERTE",3
LENG-2586,"LINGUÍSTICA DE CORPUS",3
LENG-2611,"ITALIANO 5: ITALIANO Y TEXTOS",3
LENG-2612,"ITALIANO 6",3
LENG-2709,"VOZES DE RESISTÊNCIA NO BRASIL",3
LENG-2711,"PORTUGUÉS 5",3
LENG-3155,"INTRO. TO RESEARCH METHODO.",3
LENG-3157,"TEXTS AND CONTEXTS",3
LENG-3239,"L’HUMOUR DANS LA LANGUE FRANCA",3
LENG-3280B,"UNE HISTOIRE DE LA PROSTITUTIO",3
LENG-3317B,"IDENTIDADES ALEMANAS",3
LENG-3328,"MEILENSTEINE DER MODERNEN DEUT",3
LENG-3420,"NIHON SHAKAI BUNKA",3
LENG-3585,"ESPAÑOL LENGUA EXTRANJERA C1",3
LENG-3922,"PRACTICA 2",3
LENG-3995,"SEMINARIO DE GRADO",3
LENG-4001,"ESCRITURA ACADEMICA POSTGRADO",0
LENG-4997,"TALLER LECTURA 1-POSTGRADO",0
LENG-4998,"TALLER LECTURA 2 POSTGRADO",0
LENG-6991,"INGLES DOCTORADOS 1",4
LENG-6992,"INGLES DOCTORADOS 2",4
LENG-6993,"INGLES DOCTORADOS 3",4
LENG-6994,"INGLES DOCTORADOS 4",4
LITE-1100,"INTR.A LOS ESTUDIOS LITERARIOS",3
LITE-1304,"LITERAT. ESPAÑOLA S. DE ORO",3
LITE-1324,"LITERATURA COLOMBIANA 3",3
LITE-1400,"LATIN I",3
LITE-1401,"GRIEGO I",3
LITE-1565A,"LO TRÁGICO Y LO CÓMICO",3
LITE-1573A,"MONSTRUOS Y LITERATURA",3
LITE-1609A,"UN VIAJE A LA LIT. MODERNA",3
LITE-1611,"ESPAÑOL",3
LITE-1620,"TALLER DE GRAMÁTICA Y ESTILO",3
LITE-2100,"TEORIA LITERARIA 2",3
LITE-2101,"TEORIA LITERARIA 3",3
LITE-2102,"LINGUISTICA I",3
LITE-2300,"LITERATURA ESPANOLA SIGLOXX",3
LITE-2316,"LIT.LATINOAMERICA 2: MODERNISM",3
LITE-2319,"LITE. COLOMBIANA 1: COLONIAL",3
LITE-2405,"LATÍN II",3
LITE-2406,"GRIEGO II",3
LITE-2407,"LATIN III",3
LITE-2408,"GRIEGO III",3
LITE-2532B,"FICCIONES POLICIALES",3
LITE-2569B,"LITE.AFRICANA EXP. PORTUGUESA",3
LITE-2571B,"TEATRO: INDIA, JAPON, NIGERIA",3
LITE-2580B,"GÉNERO, LENGUAJE E IMAGEN",3
LITE-2582,"19TH CENT. BRIT. WOMEN WRITERS",3
LITE-2583,"VIOLENCIA, LITERATURA Y CINE",3
LITE-2584,"ANTON CHEJOV",3
LITE-2585,"LITERATURA ERÓTICA LATINA",3
LITE-2621,"TALLER DE ESCRITURA CREATIVA 2",3
LITE-3330,"SEMINARIO ESPAÑOLA",3
LITE-3346,"SEMINARIO DE COLOMBIANA",3
LITE-3347,"SEMINARIO DE LATINOAMERICANA",3
LITE-3402,"SEMINARIO DE LATIN IV",3
LITE-3615,"SEMINARIO DE EDICIÓN 2",3
LITE-3905,"SEM.TRABAJO-GRADO EN CREACIÓN",6
MADM-4051,"TALLER DE LIDERAZGO Y HAB.GERE",1
MADM-4052,"TALLER DE NEGOC.Y EQUIPOS EFEC",1
MADM-4100,"EMPRESARIADO EN COLOMBIA",2
MADM-4151,"EMPRENDIMIENTO E INNOVACION",2
MADM-4153,"DESARROLLO SOSTENIBLE",1
MADM-4154,"EL LIDER, SU ETICA Y RESPONSAB",2
MADM-4206,"GERENCIA FINANCIERA",4
MADM-4303,"GERENCIA DE MERCADEO",4
MADM-4551,"JUEGO GERENCIAL",3
MADM-4701,"NEGOCIOS INTERNACIONALES",2
MATE-1002A,"MATEMATICAS Y CIVILIZACION",3
MATE-1009A,"EL JUEGO DE LA MENTE",3
MATE-1041B,"GEOMETRIA SAGRADA",3
MATE-1064B,"PENSAM. A TRAVES DE LOS NUME.",3
MATE-1102,"MATEMATICA ESTRUCTURAL",3
MATE-1105,"ALGEBRA LINEAL 1",3
MATE-1105C,"ALGEBRA LINEAL 1 COMPL",0
MATE-1106,"ALGEBRA LINEAL 1 (HONORES)",3
MATE-1107,"ALGEBRA LINEAL 2 (INGLÉS)",3
MATE-1201,PRECALCULO,3
MATE-1201C,"PRECALCULO COMPLEMENTARIA",0
MATE-1203,"CALCULO DIFERENCIAL",3
MATE-1203C,"CALCULO DIFERENCIAL COMPL.",0
MATE-1204,"CALCULO DIFEREN (HON)",3
MATE-1207,"CALCULO VECTORIAL",3
MATE-1207C,"CALCULO VECTORIAL COMPL",0
MATE-1208,"CALC. VECTORIAL (HONORES)",3
MATE-1212,"MATEMATICAS 1 (BIO-MED)",3
MATE-1213,"MATEMATICAS 3 (BIO-MED)",3
MATE-1214,"CALCULO INTEGRAL-ECUAC.DIFEREN",3
MATE-1214C,"CALC.INTEG-ECUAC.DIFEREN COMPL",0
MATE-1215,"CALCULO INT-ECUAC.DIFER(HON)",3
MATE-1251,"MÉTODOS CUANTITATIVOS",3
MATE-1252,"CALCULO INTEGRAL-PROBABILIDAD",3
MATE-1252C,"CALCULO INTEGRAL-PROBAB COMPL",0
MATE-1253,"ALG LINEAL 1 Y CÁL 3 (INGLÉS)",3
MATE-1253C,"COMPL. CALC. 3 ALG. LINEAL 1",0
MATE-1441B,"ESCHER: GEOMETRÍA Y ARTE",3
MATE-1442B,"IDEAS EN ESPACIO Y TIEMPO",3
MATE-1501,"ESTADISTICA 1 (C.SOCIALES)",3
MATE-1502,"ESTADISTICA 2 (C. SOCIALES)",3
MATE-1506,"PROB.Y ESTADISTICA 2",3
MATE-1507,"MATEMATICAS 2 (BIO-MED)",3
MATE-1508,"ESTADISTICA (CONTADURIA)",3
MATE-1721,"PRINCIPIOS MATEM. EN MEDICINA",3
MATE-1721L,"LAB PRINCIPIOS MATEM. MEDICINA",0
MATE-2101,"ALGEBRA ABSTRACTA 1",3
MATE-2201,"ANALISIS 1",3
MATE-2210,"CALC VARIABLE COMPL (INGENIER)",2
MATE-2211,"CALC.VARIABLE COMPLEJA",3
MATE-2301,"ECUACIONES DIFERENCIALES",3
MATE-2301C,"ECUACIONES DIFERENCIALES COMPL",0
MATE-2303,"ECUAC.DIFERENCIAL.(INGENIERÍA)",3
MATE-2303C,"COMPL ECUA DIFEREN(INGENIERÍA)",0
MATE-2411,"GEOMETRIA DE CURVAS Y SUPERFIC",3
MATE-2507,"PROB. Y ESTAD ASUNTOS PUBLICOS",4
MATE-2509,"ESTADISTICA (ECONOMIA)",4
MATE-2510,"PROBABILIDAD (HONOR)",3
MATE-2511,"ESTADÍSTICA ASUNTOS PÚBLICOS",4
MATE-2604,"TEORIA DE ANALISIS NUMERICO",3
MATE-2711,"METODOS MATEM. PARA ECONO.",3
MATE-2714,"INT.MODELOS MATEM.GEST.FINAN.",3
MATE-3101,"ALGEBRA ABSTRACTA 2",3
MATE-3120,"LOGICA 1",3
MATE-3121,"LOGICA 2",3
MATE-3132,"TEORIA DE CONJUNTOS 2",3
MATE-3134,"TEORÍA DE  LA INFORM. (INGLÉS)",3
MATE-3135,"MATEMATIC ACTUARIALES (INGLÉS)",3
MATE-3136,"GRANDES DESVÍOS",3
MATE-3145,"INTR. TEORÍA REPRESENTACIONES",3
MATE-3146,"EL MÉTODO PROBABILÍSTICO",3
MATE-3175,"INTROD. A GEOMETRIA ALGEBRAICA",3
MATE-3410,"GEOMETRÍA DIFERENC. 2",3
MATE-3420,"TOPOLOGIA 1",3
MATE-3520,"ESTADÍST. MATEMATICA 1(INGLÉS)",3
MATE-3712,"TEORIA DE JUEGOS",3
MATE-3761,"OPTIMIZACIÓN LINEAL",3
MATE-3801,"PRACTICA ENSENANZA 1",3
MATE-3802,"PRACTICA ENSENANZA 2",3
MATE-3904,"SEMINARIO PROYECTO DE GRADO 1",1
MATE-3905,"SEMINARIO PROYECTO DE GRADO 2",1
MATE-4120,"LOGICA MATEMATICA",4
MATE-4130,"TEORIA DE CONJUNTOS 2",4
MATE-4134,"TEORÍA DE LA INFORM (INGLÉS)",4
MATE-4135,"MATEMÁTIC.ACTUARIALES (INGLÉS)",4
MATE-4136,"GRANDES DESVÍOS",4
MATE-4145,"INTR. TEORÍA REPRESENTACIONES",4
MATE-4146,"EL MÉTODO PROBABILÍSTICO",4
MATE-4162,"GEOM SIMPL TEOR GEOM INVARIANT",4
MATE-4173,"ALGEBRA ABSTRACTA 2",4
MATE-4175,"INTROD. A GEOMETRIA ALGEBRAICA",4
MATE-4220,"MEDIDA E INTEGRACION",3
MATE-4330,"ANALISIS  FUNCIONAL",3
MATE-4331,"TEORIA ESPECTRAL DE OPERADORES",4
MATE-4424,"TOPOLOGIA ALGEBRAICA 2",4
MATE-4761,"OPTIMIZACIÓN LINEAL",4
MATE-4901,"SEMINARIO DE POSTGRADO 1",2
MATE-4902,"SEMINARIO DE POSTGRADO 2",2
MATE-6901,"SEMINARIO DE POSTGRADO 1",2
MATE-6902,"SEMINARIO DE POSTGRADO 2",2
MBAE-4122,NEGOCIACION,2
MBAE-4132,"EMPRENDIMIENTO E INNOVACION",2
MBAE-4211,"ECONOMIA GERENCIAL",2
MBAE-4653,"CAMBIO ORGANIZACIONAL",2
MBIO-0000,INDUCCION,1
MBIO-1100,"BIOLOGIA CELULAR-TEO",3
MBIO-1280A,"DESCIFRANDO EL GENOMA HUMANO",3
MBIO-2100,BIOQUIMICA-TEO,3
MBIO-2102,"BIOLOGIA MOLECULAR-TEO",3
MBIO-2102C,"COMPL. BIOLOGIA MOLECULAR",0
MBIO-2300,BACTERIOLOGIA-TEO,3
MBIO-2302,"BIOLOGIA DE HONGOS-TEO",3
MBIO-2304,PARASITOLOGIA-TEO,3
MBIO-2306,VIROLOGIA-TEO,3
MBIO-2310,"BIOLOG. MOLECULAR DE LA CELULA",3
MBIO-2310C,"COMP.BIOLOG.MOLECULAR CELULA",0
MBIO-2400,BIOESTADISTICA-TEO,3
MBIO-2500,INMUNOLOGIA-TEO,3
MBIO-3100,"BIOL.CELU Y MOLEC.PROCARIO-TEO",3
MBIO-3502,"MICROBIOLOGIA MEDICA-TEO",2
MBIO-3513,"GENOMICA Y BIOINFORMATICA",3
MBIO-3600,FITOPATOLOGIA-TEO,3
MBIO-3602,"MICROBIOLOGIA DE ALIMENTOS-TEO",3
MBIO-3604,"MICROBIOLOGIA AMBIENTAL-TEO",3
MBIO-3914,"SEMINARIO DE MICROBIOLOGIA",1
MBIO-3915,"COLECCIONES MICROBIOLOGICAS",2
MBIT-4101,"HABILIDADES GERENCIALES EN TI",4
MBIT-4102,"FINANZAS Y MERCADEO ESTRAT.",4
MBIT-4103,"FORMACIÓN DIRECTIVOS TI",4
MBIT-4201,"EMPRENDIMIENTO Y COMERCIO ELEC",4
MBIT-4202,"GOBIERNO DE TI",4
MBIT-4203,"BUSINESS ANALYTICS",4
MBIT-4204,"GESTIÓN DE SERVICIOS DE TI",4
MBIT-4207,"NEGOCIO PRODUCCIÓN OPERACIÓN",4
MBIT-4211,"NUEVAS TIC NEGOCIOS DIGITALES",4
MBIT-4301,"PROYECTO FINAL",4
MBIT-4304,"PROYECTO DE EMPRENDIMIENTO",4
MDER-4202,"TEORÍA II",4
MDER-4203,"COLOQUIO DE INVESTIGACION",4
MDER-4503,"DER. CONSTITUCIONAL AVANZADO",4
MDER-4966,"LIBERTAD DE RELIGIÓN",4
MDER-4967,"MOD. PROCESALES Y TECN. DE LIT",4
MDER-4968,"TEORÍAS ECONO. DE LABORAL Y SS",4
MDER-4969,"DERECHO AMBIENTAL",4
MECA-4105,"MICROECONOMÍA MECA",2
MECA-4106,"MACROECONOMÍA MECA",2
MECA-4109,"MÉTODOS CUANTITATIVOS- MECA",4
MECA-4202,"REGULACIÓN ECONÓMICA",4
MECA-4202C,"COMPL.REGULACIÓN ECONÓMICA",0
MECA-4302,"ECONOMÍA AMBIENTAL II",4
MECA-4302C,"COMPL.ECONOMÍA AMBIENTAL II",0
MECA-4402,"EVALUACIÓN DE IMPACTO",4
MECA-4402C,"COMPL EVALUACIÓN DE IMPACTO",0
MECA-4501,"PROYECTO DE GRADO I",2
MFIN-4203,DERIVADOS,2
MFIN-4210,"POLÍTICA ECONÓMICA",2
MFIN-4255,"PLANEACION TRIBUTARIA",2
MFIN-4256,"ANALISIS DE DECISIONES DE INV",2
MGAD-4301,"GERENCIA ESTRATÉGICA",3
MGAD-4401,ORGANIZACIONES,3
MGAD-4601,"ELECTIVA:CADENAS VALOR SOSTEN.",3
MGAD-4602,"ELECTIVA:CAMBIO AMBIENT GLOBAL",3
MGAD-4603,"ELECT: EVAL PROGRAMAS SOCIALES",3
MGAD-4604,"ELECTIVA: TALLER NEGOCIACIÓN",1
MGAP-4406,"ECONOMIA AMBIENTAL Y RR.NATUR.",3
MGAP-4414,"POLIT.GEST.AMBIENTAL AMERICA",3
MGAP-4422,"PROYECTO DE GRADO",3
MGPA-4101,"PENSAMIENTO ESTRATÉGICO",3
MGPA-4201,"PENSAMIENTO DE DISEÑO",2
MGPA-4202,"PENSAMIENTO PARAMÉTRICO",2
MGPD-4407,"ANAL ECON PRACTICA DEL DLLO",3
MGPD-4444,"GOBERNANZA, INST Y  POLITICAS",3
MHAR-4002,"VISIONES INVESTIGACIONCREACION",4
MHAR-4017,"HISTORIOGRAFÍA Y TEORÍA ARTE",4
MHAR-4018,"DISLOCAR EL CANON",4
MHAR-4019,"COLOMBIA CONTEMPORÁNEA",4
MIIA-4001,"TRABAJO PRACTICO 1",2
MIIA-4002,"SEMINARIO DE APLICACIONES 2",0
MIIA-4200,"MINERIA DE DATOS",4
MIIA-4202,"MODELOS PARA TOMA DE DECISIONE",4
MINE-4101,"CIENCIA DE DATOS APLICADA",4
MINE-4102,"ANALISIS INFORM SOBRE BIG DATA",4
MINE-4103,"ADMIN. DEL CONOCIMIENTO",4
MINE-4201,"SISTEMAS DE RECOMENDACIÓN",4
MINE-4202,"ADMIN PROYECTOS DE INFORMACIÓN",4
MINE-4301,"PROYECTO FINAL",4
MISO-4101,"PROCESOS DE DESARROLLO AGILES",4
MISO-4202,"MEJOR. PRODUCT: AUTOMATIZACION",4
MISO-4204,"FABRICAS SW Y LIN PRODUCTOS",4
MISO-4206,"ARQUITECTURA SW ÁGIL",4
MISO-4208,"PRUEBAS AUTOMÁTICAS",4
MISO-4301,"PROYECTO INTEGRADOR",4
MLIT-4000,"ESCRITURA ACADEMICA POSTGRADOS",0
MLIT-4300,"NARRATIVA URBANA LATINOAMERICA",4
MLIT-4500,"DISCURSO SOBRE EL CUERPO",4
MLIT-4509,"PASANTÍA EST-EXT DE POSGRADO",0
MMER-4300,CANALES,2
MMER-4302,"COMUNICACIONES INTEG MERCADEO",2
MMER-4307,"INNOV Y DESARROLLO DE PRO",2
MMER-4309,"INVESTIGACIÓN DE MERCADOS II",2
MMER-4337,"TALLER DE COMUNICACION",1
MMER-4339,"TALLER DE INNVA Y CREATIVIDAD",1
MMER-4400,"INTELIGENCIA DE NEGOCIOS",2
MPAZ-4000,"COLOQUIO MAESTRÍA CONSTR. PAZ",4
MPAZ-4100,"CONSTRUCCIÓN PAZ Y TRANSICIÓN",4
MPAZ-4200,"CONVIV Y RECONST TEJIDO SOCIAL",4
MPER-4100,"HISTORIA DEL PERIODISMO",4
MPER-4200,"PERIODISMO DIGITAL",4
MPER-4300,"INVESTIGACIÓN EN PERIODISMO",4
MPER-4400,"SEM. 1:GENEROS PERIODISTICOS 1",4
MPER-4401,"GENEROS PERIODISTICOS 2",4
MPET-4102,"INGENIERIA DE PRODUCCION",4
MPET-4110,"RECOBRO MEJORADO",4
MPET-4211,"INGENIERÍA DE PERFORACIÓN",4
MPET-4310,"ANALI RIESGO Y TOMA DE DECIS",4
MPET-4401,"ASPECTOS AMBIEN PROY PETROLEOS",4
MPET-4500,"PROYECTO COLECTIVO INTEGRADOR",4
MPET-4501,"SEMINARIO MPET",0
MSIN-4101,"ING CRIPTOGRAFICA Y APLIC SERV",4
MSIN-4102,"INFRAESTRUCTURA SEGURA",4
MSIN-4201,"MOD. Y ESTÁND. DE SEGURIDAD",4
MSIN-4206,"COMPUTACIÓN FORENSE",4
MSIN-4207,CIBERSEGURIDAD,4
MSIN-4301,"PROYECTO FINAL",4
MUSI-1100A,"APRECIACION DE LA MUSICA(INGL)",3
MUSI-1101B,"APRECIACION DE BLUES Y ROCK 1",3
MUSI-1102B,"APRECIACION DE BLUES Y ROCK 2",3
MUSI-1104B,"MUS. EDAD MEDIA Y RENACIMIENTO",3
MUSI-1105B,"MUSICA SIGLOS XVII Y XVIII",3
MUSI-1106B,"MUSICA SIGLO XIX",3
MUSI-1107B,"MUSICA SIGLO XX",3
MUSI-1114A,"MUSICA ORQUESTAL EN OCCIDENTE",3
MUSI-1115A,"CULTURAS MUSICALES DEL MUNDO",3
MUSI-1116B,"MUSICA Y CINEMATOGRAFIA",3
MUSI-1125B,"MÚSICA EXPERIMENTAL",3
MUSI-1126,"NEGOCIOS DE LA MÚSICA",3
MUSI-1130B,"DE LA HABANERA AL TANGO",3
MUSI-1819,"CORO PREPARATORIO",2
MUSI-2512,"AUDIO PARA LA IMAGEN I",2
MUSI-2602,"SONIDO EN VIVO 1",3
MUSI-2612,"FUNDAMENTOS DE AUDIO Y ACÚSTIC",3
MUSI-2613,"TECNOLOGÍA DEL AUDIO 1",3
MUSI-2621,"ESPACIOS ACÚSTICOS",3
MUSI-3615,"PRE-PROYECTO PRODUCCIÓN",0
MUSI-3998,ORQUESTA,0
MUSI-4000,"MUSICOLOGIA. METODOS Y ESTILOS",4
MUSI-4018,"MÚSICA DE LATINOAMÉRICA",4
PERI-1001B,"MEDIOS, PERIODISMO Y PODER",3
PERI-1002B,"CRÓNICAS Y REPORT. PERIODISTIC",3
PERI-1004B,"TALLER MEDIOS DIGITALES Y MULT",3
PERI-1006B,"SALA DE REDACCIÓN",3
PERI-1007B,"CINE, PERIODISMO Y CULTURA",3
PERI-1008A,"DE GRECIA A INTERNET",3
PERI-1009B,"RELATOS DE NACION PERIODISTICA",3
PERI-1011B,"GRANDES HISTORIAS PERIODISTIC.",3
PERI-1015A,"VIAJESPORLOSTIEMPOSDEL OCIO Y",3
PERI-1016A,"COMUNIC.Y TECNOLOG.EN ELTIEMPO",3
PERI-1017A,"PERIODISMO VISUAL",3
PERI-1018B,"PERIODISMO, GUERRA Y PAZ",3
PERI-1019,"TALLER SONORO",3
PERI-1020,"TALLER DE VIDEO",3
PERI-1021B,"CULTURA DIGITAL",3
PSCL-4102,"PSICOLOGÍA CLÍNICA III",4
PSCL-4209,"EVAL. E INT. NIÑOS Y ADOLESC.",4
PSIC-1131B,"VIOLENCIA URBANA Y PREVENCION",3
PSIC-1135B,"CONDUCTA CRIMINAL Y SOCIEDAD",3
PSIC-1204,"PRINCIPIOS DE NEUROCIENCIAS 1",3
PSIC-1205,"PRINCIPIOS DE NEUROCIENCIAS 2",3
PSIC-1402,"FUNDAMENTOS DE PSICOLOGIA",3
PSIC-1403,"TALLER DE INDUCCION",0
PSIC-2312,"PSICOLOGIA APRENDIZAJE",3
PSIC-2313,"PSICOLOGÍA DE LA EMOCIÓN",3
PSIC-2314,"PSICOLOGÍA  LENGUAJE (INGLÉS)",3
PSIC-2315,"PENSAMIENTO Y RAZONAMIENTO",3
PSIC-2316,"PSICOLOGIA DE LA PERCEPCION",3
PSIC-2318,"MOTIVACIÓN",3
PSIC-2503,"PSICOLOGÍA SOCIAL CRÍTICA",3
PSIC-2504,"PSICOL SOCIAL EXPERIM",3
PSIC-2600,"ENTREVISTA PSICOLOGICA",3
PSIC-2601,PSICOMETRIA,3
PSIC-2602,"EVALUACION PSICOLÓGICA",3
PSIC-2706,"DISEÑO Y ANÁLISIS DE INV. 1",3
PSIC-2707,"DISEÑO Y ANÁLISIS DE INV. 2",3
PSIC-2708,"DISEÑO Y ANÁLISIS DE INV. 3",3
PSIC-3800,"PSICOLOGIA APLICADA",0
PSIC-3801,"ETICA PROFESIONAL",3
PSIC-3815,"SEM.OPCIÓN GRADO PROFESIONAL",0
PSIC-3830,"RESILIENCIA: NIÑOS Y JOVENES",3
PSIC-3866,"LOGOTERAPIA Y SENTIDO DE VIDA",3
PSIC-3876,"CLÍNICA PSICOANALÍTICA",3
PSIC-3890,"PSICOLOGIA DEPORTE Y EJERCICIO",3
PSIC-3892,"BEYOND CBT",3
PSIC-3915,"GETION Y DLLO.TALENTO HUMANO",3
PSIC-3923,"ABOR. PSICOSOCIAL DIV. SEXUAL",3
PSIC-3925,"PSIC. EDUCATIVA SOCIAL COMPLEJ",3
PSIC-3930,"ATENCION PSICOSOCIAL VICTIMAS",3
PSIC-3932,"EVALUANDO ESTRATEGIAS DE MARCA",3
PSIC-3947,"PSICOLOGÍA AMBIENTAL",3
PSIC-3952,"PSICOLOGÍA ORGANIZACIONAL",3
PSIC-3960,"PSICOLOGÍA DEL DESEMPEÑO",3
PSIC-3961,PSICOPATOLOGIA,4
PSIC-3962,"DESARROLLO PSICOLOGICO",4
PSIC-3968,"PSICOONCOLOGIA CUIDADOS PALIAT",3
PSIC-3982,"DISEÑO DE PROGRAMAS SOCIALES",3
PSIC-3986,"CATEDRA MERCEDES RODRIGO",3
PSIC-3987,"PSICOLOGIA DE LA SALUD",3
PSIC-4100,"DISEÑO DE PROY. DE INVEST I",4
PSIC-4106,"DISEÑO PROY INV II COLOQI",4
PSIC-4107,"DISEÑO PROY INV III COLOQ II",4
PSIC-4108,"DISEÑO PR INVE IV COLOQ III",4
PSIC-6980,"TESIS Y COLOQUIO DOCTORALES",4
PSIC-6981,"TESIS Y COLOQUIO DOCTORALES",8
QUIM-0000,INDUCCION,0
QUIM-1000,"INTRODUCCION A LA QUIMICA",2
QUIM-1001A,"QUIMICA, LEYES Y CONCEPTOS",3
QUIM-1004A,"CLIMA GLOBAL",3
QUIM-1101,"QUIMICA GENERAL",3
QUIM-1103,"QUÍMICA",3
QUIM-1103C,"COMPL. DE QUÍMICA",0
QUIM-1105,"APLICACIONES DE QUÍMICA",3
QUIM-1105C,"COMPL. DE APLICACIONES",0
QUIM-1110,"INTR. TEORIA ATOMOS Y MOLEC",3
QUIM-1212,"QUIMICA INORGANICA II",3
QUIM-1301,"QUIMICA ORGANICA",3
QUIM-1301C,"COMPL  DE QUÍMICA ORGÁNICA",0
QUIM-1303,"FUNDAMENTOS QUÍMICA ORGÁNICA",3
QUIM-1303C,"COMPL FUNDAM DE QUÍM ORGÁNICA",0
QUIM-1310,"QUÍMICA ORGÁNICA I",3
QUIM-1510,"FISICOQUIMICA I",3
QUIM-1618,"FUNDAMENTOS ANÁLISIS QUÍMICO",3
QUIM-1618C,"COMPL FUND ANÁLISIS QUIM",0
QUIM-2001,"PRINCIPIOS DE LA QUIMICA",2
QUIM-2314,"QUIMICA ORGANICA III",3
QUIM-2518,"FUNDAMENTOS DE FISICOQUÍMICA",3
QUIM-2518C,"COMPL FUND FISICOQUÍMICA",0
QUIM-2622,"QUIMICA ANALITICA II",3
QUIM-3221,"NANOCIENCIAS PARA QUÍMICOS",3
QUIM-3516,"QUIMICA COMPUTACIONAL",3
QUIM-4150,"SEMINARIO I",4
QUIM-4300,"SINT. COMPUESTOS HETEROCICLICO",4
QUIM-4413,"BIOQUÍMICA AVANZADA",4
QUIM-4514,"CUÁNTICA Y COMPUTACIONAL AVANZ",4
QUIM-4613,"ANALÍTICA AVANZADA",4
RJUR-5574,"PROCED.TRIBUT. Y SOLUC.CONFLIC",2
RJUR-5584,"DERECHO TRIBUTARIO ESPECIAL II",6
SOCI-1000B,"LA IMAGINACIÓN SOCIOLÓGICA",3
SOCI-1001B,"SOCIOLOGÍA DE LA VIOLENCIA",3
SOCI-1004B,DESIGUALDADES,3
SOCI-1005B,"ESTADO ,MERCADO Y TRANSF SOCIA",3
SPUB-4104,"ECONOMÍA DE LA SALUD",4
SPUB-4106,"PROYECTO DE GRADO I",2
SPUB-4108,"SISTEMAS DE SALUD",4
SPUB-4110,"SALUD Y MEDIO AMBIENTE",4
SPUB-4113,"EPIDEMIOLOGIA Y DEMOGRAFIA",4
SPUB-4506,"SEMINARIO MSP",0
STRA-5412,"REGULACION Y MDOS DE ENERGIA",2
STRA-5417,"PLANEAMIENTO SIST DISTRIBUCION",2
STRA-5419,"GERENCIA PROY.ASEGURAM.CALIDAD",2
STRA-5421,"CONFIABILIDAD SISTEMAS DE POTE",2
